ID,Marriedarital SingletatuSingle,Gender,Income,Children,Education,Occupation,Home Owner,Cars,Commute Distance,Region,Age,Purchased Bike,Mid Point Diatance,In kms
11000,Married,Male,90000,2,Bachelors,Professional,Yes,0,1-2 Miles,Pacific,40,Yes,2,2.4
11047,Married,Female,30000,3,High School,Skilled Manual,No,2,1-2 Miles,Pacific,56,Yes,2,2.4
11061,Married,Male,70000,2,Partial College,Skilled Manual,Yes,2,5-10 Miles,Pacific,52,Yes,8,12.1
11090,Single,Male,90000,2,Partial College,Professional,Yes,1,2-5 Miles,North America,48,Yes,4,5.6
11116,Married,Male,70000,5,Partial College,Skilled Manual,Yes,2,5-10 Miles,Pacific,43,No,8,12.1
11139,Single,Female,30000,2,Partial College,Clerical,No,2,5-10 Miles,Pacific,67,No,8,12.1
11143,Married,Male,40000,0,High School,Skilled Manual,Yes,2,5-10 Miles,North America,29,No,8,12.1
11147,Married,Male,60000,2,Graduate Degree,Management,Yes,1,0-1 Miles,Pacific,67,Yes,1,0.8
11149,Married,Male,40000,2,Bachelors,Management,Yes,2,0-1 Miles,Pacific,65,No,1,0.8
11165,Married,Female,60000,0,Partial College,Skilled Manual,No,1,1-2 Miles,North America,33,No,2,2.4
11199,Married,Female,70000,4,Bachelors,Management,Yes,1,10+ Miles,North America,59,No,10,16.1
11200,Married,Male,70000,4,Bachelors,Management,Yes,1,1-2 Miles,North America,58,No,2,2.4
11219,Married,Male,60000,2,High School,Professional,Yes,2,10+ Miles,North America,55,No,10,16.1
11225,Married,Female,60000,2,Partial College,Professional,Yes,1,10+ Miles,North America,55,No,10,16.1
11233,Married,Male,70000,4,Partial College,Professional,Yes,2,10+ Miles,North America,53,No,10,16.1
11249,Married,Female,130000,3,Partial College,Professional,Yes,3,0-1 Miles,Europe,51,Yes,1,0.8
11255,Married,Male,70000,4,Graduate Degree,Management,Yes,2,5-10 Miles,North America,73,No,8,12.1
11259,Married,Female,100000,4,Partial College,Professional,Yes,4,2-5 Miles,North America,41,Yes,4,5.6
11262,Married,Female,80000,4,Bachelors,Management,Yes,0,0-1 Miles,North America,42,No,1,0.8
11269,Married,Male,130000,2,Graduate Degree,Management,Yes,2,0-1 Miles,North America,41,No,1,0.8
11270,Married,Male,130000,2,Graduate Degree,Management,Yes,3,0-1 Miles,North America,42,Yes,1,0.8
11275,Married,Female,80000,4,Graduate Degree,Management,Yes,2,0-1 Miles,North America,72,Yes,1,0.8
11287,Married,Male,70000,5,Partial College,Professional,No,3,5-10 Miles,North America,45,No,8,12.1
11292,Single,Male,150000,1,Partial College,Professional,No,3,0-1 Miles,North America,44,Yes,1,0.8
11303,Single,Female,90000,4,High School,Professional,No,3,1-2 Miles,North America,45,Yes,2,2.4
11340,Married,Female,10000,1,Graduate Degree,Clerical,Yes,0,0-1 Miles,Europe,70,Yes,1,0.8
11378,Single,Female,10000,1,High School,Manual,No,1,2-5 Miles,Europe,46,Yes,4,5.6
11381,Married,Female,20000,2,Partial College,Manual,Yes,1,2-5 Miles,Europe,47,Yes,4,5.6
11383,Married,Female,30000,3,Graduate Degree,Clerical,Yes,0,0-1 Miles,Europe,46,No,1,0.8
11386,Married,Female,30000,3,Bachelors,Clerical,Yes,0,0-1 Miles,Europe,45,No,1,0.8
11415,Single,Male,90000,5,Partial College,Professional,No,2,10+ Miles,Europe,62,No,10,16.1
11434,Married,Male,170000,5,Partial College,Professional,Yes,0,0-1 Miles,Europe,55,No,1,0.8
11434,Married,Male,170000,5,Partial College,Professional,Yes,0,0-1 Miles,Europe,55,No,1,0.8
11451,Single,Male,70000,0,Bachelors,Professional,No,4,10+ Miles,Pacific,31,Yes,10,16.1
11453,Single,Male,80000,0,Bachelors,Professional,No,3,10+ Miles,Pacific,33,Yes,10,16.1
11489,Single,Female,20000,0,Partial High School,Manual,No,2,1-2 Miles,Europe,35,Yes,2,2.4
11538,Single,Female,60000,4,Graduate Degree,Skilled Manual,No,0,0-1 Miles,North America,47,Yes,1,0.8
11540,Single,Male,60000,4,Graduate Degree,Skilled Manual,Yes,0,1-2 Miles,North America,47,Yes,2,2.4
11555,Married,Female,40000,1,Bachelors,Clerical,Yes,0,0-1 Miles,Europe,80,No,1,0.8
11576,Married,Male,30000,1,Bachelors,Skilled Manual,Yes,2,0-1 Miles,Europe,41,Yes,1,0.8
11585,Married,Female,40000,1,Bachelors,Skilled Manual,Yes,0,0-1 Miles,Europe,41,No,1,0.8
11619,Single,Female,50000,0,Graduate Degree,Skilled Manual,Yes,0,1-2 Miles,North America,33,No,2,2.4
11622,Married,Male,50000,0,Graduate Degree,Skilled Manual,Yes,0,0-1 Miles,North America,32,No,1,0.8
11641,Married,Male,50000,1,Bachelors,Skilled Manual,Yes,0,0-1 Miles,North America,36,No,1,0.8
11644,Single,Male,40000,2,Bachelors,Skilled Manual,Yes,0,2-5 Miles,North America,36,No,4,5.6
11663,Married,Male,70000,4,Graduate Degree,Professional,Yes,0,0-1 Miles,North America,36,Yes,1,0.8
11669,Single,Female,70000,2,Bachelors,Skilled Manual,Yes,1,2-5 Miles,North America,38,No,4,5.6
11699,Single,Male,60000,0,Bachelors,Skilled Manual,No,2,0-1 Miles,North America,30,No,1,0.8
11734,Married,Male,60000,1,Partial College,Skilled Manual,No,1,0-1 Miles,North America,47,No,1,0.8
11738,Married,Male,60000,4,Bachelors,Professional,Yes,0,2-5 Miles,North America,46,No,4,5.6
11745,Married,Female,60000,1,Bachelors,Professional,Yes,1,0-1 Miles,North America,47,Yes,1,0.8
11783,Married,Female,60000,1,Graduate Degree,Skilled Manual,Yes,0,0-1 Miles,North America,34,No,1,0.8
11788,Single,Female,70000,1,Graduate Degree,Professional,Yes,0,2-5 Miles,North America,34,No,4,5.6
11801,Married,Male,60000,1,Graduate Degree,Professional,Yes,0,2-5 Miles,North America,36,No,4,5.6
11807,Married,Male,70000,3,Graduate Degree,Professional,Yes,0,2-5 Miles,North America,34,No,4,5.6
11809,Married,Male,60000,2,Bachelors,Skilled Manual,Yes,0,0-1 Miles,North America,38,Yes,1,0.8
11817,Single,Female,70000,4,Graduate Degree,Professional,Yes,0,2-5 Miles,North America,35,Yes,4,5.6
11823,Married,Female,70000,0,Graduate Degree,Professional,Yes,0,2-5 Miles,North America,39,No,4,5.6
11886,Married,Female,60000,3,Bachelors,Professional,Yes,1,0-1 Miles,North America,48,Yes,1,0.8
11890,Married,Female,70000,5,Graduate Degree,Professional,Yes,1,0-1 Miles,North America,47,No,1,0.8
11896,Married,Male,100000,1,Graduate Degree,Management,Yes,0,2-5 Miles,Pacific,36,Yes,4,5.6
11897,Single,Male,60000,2,Bachelors,Professional,No,1,0-1 Miles,Pacific,37,Yes,1,0.8
11935,Single,Female,30000,0,Partial College,Skilled Manual,Yes,1,5-10 Miles,North America,28,No,8,12.1
11941,Single,Male,60000,0,Partial College,Skilled Manual,Yes,0,5-10 Miles,North America,29,No,8,12.1
12029,Married,Male,30000,0,Partial High School,Clerical,No,2,0-1 Miles,North America,28,No,1,0.8
12033,Single,Female,40000,0,High School,Skilled Manual,No,2,0-1 Miles,North America,27,Yes,1,0.8
12056,Married,Male,120000,2,Graduate Degree,Management,Yes,3,5-10 Miles,North America,64,No,8,12.1
12100,Single,Male,60000,2,Bachelors,Management,Yes,0,10+ Miles,North America,57,No,10,16.1
12121,Single,Male,60000,3,High School,Professional,Yes,2,10+ Miles,North America,53,Yes,10,16.1
12133,Married,Female,130000,3,Partial College,Professional,Yes,3,5-10 Miles,Europe,50,Yes,8,12.1
12153,Single,Female,70000,3,Partial College,Professional,Yes,1,5-10 Miles,North America,49,Yes,8,12.1
12192,Single,Female,60000,2,Partial High School,Skilled Manual,No,2,1-2 Miles,North America,51,No,2,2.4
12195,Single,Female,70000,3,Graduate Degree,Management,Yes,2,1-2 Miles,North America,52,No,2,2.4
12205,Single,Female,130000,2,Bachelors,Management,No,4,0-1 Miles,North America,67,No,1,0.8
12207,Single,Male,80000,4,Bachelors,Management,Yes,0,5-10 Miles,North America,66,Yes,8,12.1
12212,Married,Female,10000,0,Graduate Degree,Manual,Yes,0,0-1 Miles,Europe,37,Yes,1,0.8
12231,Single,Female,10000,2,Partial College,Manual,Yes,0,0-1 Miles,Europe,51,Yes,1,0.8
12234,Married,Male,10000,2,Partial College,Manual,Yes,1,2-5 Miles,Europe,52,No,4,5.6
12236,Married,Female,20000,1,Partial College,Manual,Yes,0,0-1 Miles,Europe,65,No,1,0.8
12253,Single,Female,20000,0,Partial College,Manual,Yes,0,0-1 Miles,Pacific,29,Yes,1,0.8
12273,Married,Male,30000,1,Bachelors,Clerical,Yes,0,0-1 Miles,Europe,47,No,1,0.8
12274,Single,Male,10000,2,High School,Manual,Yes,0,0-1 Miles,Europe,35,No,1,0.8
12284,Married,Female,30000,0,Bachelors,Clerical,No,0,0-1 Miles,Europe,36,Yes,1,0.8
12291,Single,Male,90000,5,Partial College,Professional,No,2,2-5 Miles,Europe,62,Yes,4,5.6
12332,Married,Male,90000,4,High School,Management,Yes,3,5-10 Miles,Europe,58,Yes,8,12.1
12344,Single,Female,80000,0,Bachelors,Professional,No,3,10+ Miles,Pacific,31,No,10,16.1
12389,Single,Male,30000,0,High School,Manual,No,1,2-5 Miles,Europe,34,No,4,5.6
12452,Married,Male,60000,4,Graduate Degree,Skilled Manual,Yes,0,1-2 Miles,North America,47,Yes,2,2.4
12472,Married,Male,30000,1,Bachelors,Clerical,Yes,1,2-5 Miles,Europe,39,No,4,5.6
12496,Married,Female,40000,1,Bachelors,Skilled Manual,Yes,0,0-1 Miles,Europe,42,No,1,0.8
12497,Married,Female,40000,1,Bachelors,Skilled Manual,Yes,0,0-1 Miles,Europe,42,No,1,0.8
12503,Single,Female,30000,3,Partial College,Clerical,Yes,2,0-1 Miles,Europe,27,No,1,0.8
12507,Married,Male,30000,1,Partial College,Clerical,Yes,1,0-1 Miles,Europe,43,No,1,0.8
12510,Married,Male,40000,1,Bachelors,Skilled Manual,Yes,1,0-1 Miles,Europe,43,Yes,1,0.8
12558,Married,Female,20000,1,Bachelors,Clerical,Yes,0,0-1 Miles,Europe,65,No,1,0.8
12568,Married,Female,30000,1,Bachelors,Clerical,Yes,0,0-1 Miles,Europe,64,No,1,0.8
12581,Single,Female,10000,0,Partial College,Manual,No,1,0-1 Miles,Pacific,28,Yes,1,0.8
12585,Married,Male,10000,1,High School,Manual,Yes,0,2-5 Miles,Pacific,27,Yes,4,5.6
12590,Single,Male,30000,1,Bachelors,Clerical,Yes,0,0-1 Miles,Europe,63,No,1,0.8
12590,Single,Male,30000,1,Bachelors,Clerical,Yes,0,0-1 Miles,Europe,63,No,1,0.8
12591,Married,Female,30000,4,Graduate Degree,Clerical,Yes,0,0-1 Miles,Europe,45,No,1,0.8
12610,Married,Female,30000,1,Bachelors,Clerical,Yes,0,0-1 Miles,Europe,47,No,1,0.8
12610,Married,Female,30000,1,Bachelors,Clerical,Yes,0,0-1 Miles,Europe,47,No,1,0.8
12629,Single,Male,20000,1,Partial College,Manual,No,0,0-1 Miles,Europe,37,No,1,0.8
12663,Married,Female,90000,5,Partial High School,Skilled Manual,Yes,2,10+ Miles,Europe,59,No,10,16.1
12664,Married,Female,130000,5,Partial College,Professional,Yes,4,0-1 Miles,Europe,59,No,1,0.8
12666,Single,Male,60000,0,Bachelors,Professional,No,4,2-5 Miles,Pacific,31,No,4,5.6
12678,Single,Female,130000,4,High School,Management,Yes,4,0-1 Miles,Pacific,31,No,1,0.8
12697,Single,Female,90000,0,Bachelors,Professional,No,4,10+ Miles,Pacific,36,No,10,16.1
12697,Single,Female,90000,0,Bachelors,Professional,No,4,10+ Miles,Pacific,36,No,10,16.1
12705,Married,Male,150000,0,Bachelors,Management,Yes,4,0-1 Miles,Pacific,37,Yes,1,0.8
12716,Single,Male,30000,0,Partial College,Clerical,Yes,1,2-5 Miles,Europe,32,No,4,5.6
12718,Single,Female,30000,0,Partial College,Clerical,Yes,1,2-5 Miles,Europe,31,No,4,5.6
12728,Single,Male,30000,0,Partial College,Clerical,No,1,1-2 Miles,Europe,27,No,2,2.4
12731,Single,Male,30000,0,High School,Manual,No,1,1-2 Miles,Europe,32,No,2,2.4
12744,Single,Female,40000,2,Partial College,Clerical,Yes,0,0-1 Miles,Europe,33,No,1,0.8
12768,Married,Male,30000,1,High School,Clerical,Yes,1,2-5 Miles,North America,52,Yes,4,5.6
12774,Married,Female,40000,1,Partial College,Clerical,Yes,1,1-2 Miles,North America,51,Yes,2,2.4
12808,Married,Male,40000,0,Bachelors,Clerical,Yes,0,0-1 Miles,Europe,38,Yes,1,0.8
12821,Married,Male,40000,0,Bachelors,Clerical,Yes,0,0-1 Miles,Europe,39,No,1,0.8
12833,Single,Female,20000,3,High School,Manual,Yes,1,0-1 Miles,Europe,42,Yes,1,0.8
12871,Single,Female,30000,0,Partial College,Clerical,No,1,2-5 Miles,Europe,29,No,4,5.6
12882,Married,Male,50000,1,Graduate Degree,Skilled Manual,Yes,0,0-1 Miles,North America,33,Yes,1,0.8
12922,Single,Female,60000,3,Bachelors,Skilled Manual,Yes,0,2-5 Miles,North America,40,Yes,4,5.6
12957,Single,Female,70000,1,Bachelors,Professional,No,1,0-1 Miles,North America,44,No,1,0.8
12964,Married,Male,70000,1,Partial College,Skilled Manual,Yes,1,0-1 Miles,North America,44,No,1,0.8
12993,Married,Male,60000,2,Bachelors,Professional,Yes,1,2-5 Miles,Pacific,37,No,4,5.6
13066,Single,Male,30000,0,High School,Skilled Manual,No,2,1-2 Miles,North America,31,Yes,2,2.4
13073,Married,Female,60000,0,Partial College,Professional,Yes,2,5-10 Miles,North America,30,No,8,12.1
13082,Single,Male,130000,0,Graduate Degree,Management,Yes,0,2-5 Miles,Pacific,48,Yes,4,5.6
13089,Married,Female,120000,1,Bachelors,Management,Yes,2,0-1 Miles,Pacific,46,Yes,1,0.8
13122,Married,Female,80000,0,Bachelors,Professional,Yes,1,1-2 Miles,Pacific,41,Yes,2,2.4
13133,Single,Male,100000,5,Bachelors,Professional,Yes,1,5-10 Miles,Pacific,47,Yes,8,12.1
13136,Married,Female,30000,2,Partial College,Clerical,No,2,5-10 Miles,Pacific,69,No,8,12.1
13151,Single,Male,40000,0,High School,Skilled Manual,Yes,2,5-10 Miles,North America,27,No,8,12.1
13154,Married,Male,40000,0,High School,Skilled Manual,No,2,0-1 Miles,North America,27,Yes,1,0.8
13176,Single,Male,130000,0,Graduate Degree,Management,No,2,0-1 Miles,North America,38,Yes,1,0.8
13216,Married,Female,60000,5,Bachelors,Management,Yes,3,10+ Miles,North America,59,No,10,16.1
13233,Married,Male,60000,2,Partial College,Professional,Yes,1,10+ Miles,North America,57,Yes,10,16.1
13283,Married,Male,80000,3,Partial College,Professional,No,2,0-1 Miles,North America,49,Yes,1,0.8
13287,Single,Male,110000,4,Bachelors,Management,Yes,4,5-10 Miles,North America,42,Yes,8,12.1
13296,Married,Male,110000,1,Bachelors,Management,Yes,3,5-10 Miles,North America,45,No,8,12.1
13313,Married,Female,120000,1,High School,Professional,No,4,2-5 Miles,North America,45,No,4,5.6
13314,Married,Male,120000,1,High School,Professional,Yes,4,5-10 Miles,North America,46,Yes,8,12.1
13337,Married,Female,80000,5,Bachelors,Management,Yes,2,5-10 Miles,North America,64,No,8,12.1
13343,Married,Female,90000,5,Bachelors,Management,Yes,2,1-2 Miles,North America,63,Yes,2,2.4
13351,Single,Female,70000,4,Bachelors,Management,Yes,2,1-2 Miles,North America,62,Yes,2,2.4
13353,Single,Female,60000,4,Graduate Degree,Management,Yes,2,10+ Miles,North America,61,Yes,10,16.1
13382,Married,Male,70000,5,Partial College,Professional,Yes,2,1-2 Miles,North America,57,Yes,2,2.4
13388,Single,Male,60000,2,Partial College,Professional,Yes,1,10+ Miles,North America,56,No,10,16.1
13390,Married,Female,70000,4,Partial College,Professional,No,1,1-2 Miles,North America,56,No,2,2.4
13415,Single,Male,100000,1,Graduate Degree,Management,Yes,3,2-5 Miles,North America,73,Yes,4,5.6
13453,Married,Female,130000,3,Bachelors,Management,Yes,3,0-1 Miles,North America,45,Yes,1,0.8
13466,Married,Male,80000,5,Partial College,Professional,Yes,3,1-2 Miles,North America,46,No,2,2.4
13507,Married,Female,10000,2,Partial College,Manual,Yes,0,1-2 Miles,Europe,50,No,2,2.4
13507,Married,Female,10000,2,Partial College,Manual,Yes,0,1-2 Miles,Europe,50,No,2,2.4
13572,Single,Male,10000,3,High School,Manual,Yes,0,0-1 Miles,Europe,37,Yes,1,0.8
13585,Married,Female,80000,4,Partial College,Professional,No,1,2-5 Miles,Europe,53,Yes,4,5.6
13586,Married,Male,80000,4,Partial College,Professional,Yes,2,10+ Miles,Europe,53,No,10,16.1
13620,Single,Male,70000,0,Bachelors,Professional,No,3,10+ Miles,Pacific,30,Yes,10,16.1
13662,Single,Male,20000,0,Partial High School,Manual,Yes,2,1-2 Miles,Europe,31,Yes,2,2.4
13673,Single,Female,20000,0,Partial High School,Manual,No,2,0-1 Miles,Europe,25,No,1,0.8
13683,Single,Female,30000,0,High School,Manual,No,1,2-5 Miles,Europe,32,No,4,5.6
13687,Married,Male,40000,1,Bachelors,Skilled Manual,Yes,1,0-1 Miles,Europe,33,Yes,1,0.8
13690,Single,Female,20000,0,Partial High School,Manual,No,2,1-2 Miles,Europe,34,Yes,2,2.4
13714,Married,Female,20000,2,High School,Manual,No,2,1-2 Miles,North America,53,Yes,2,2.4
13749,Married,Male,80000,4,Graduate Degree,Skilled Manual,Yes,0,1-2 Miles,North America,47,No,2,2.4
13754,Single,Female,80000,4,Graduate Degree,Skilled Manual,Yes,0,1-2 Miles,North America,48,No,2,2.4
13760,Married,Male,60000,4,Graduate Degree,Skilled Manual,No,0,0-1 Miles,North America,47,No,1,0.8
13813,Married,Female,30000,3,Partial College,Clerical,No,0,0-1 Miles,Europe,42,No,1,0.8
13826,Single,Female,30000,0,Partial College,Clerical,No,1,0-1 Miles,Europe,28,No,1,0.8
13873,Married,Male,70000,3,Graduate Degree,Professional,Yes,0,0-1 Miles,North America,35,Yes,1,0.8
13886,Married,Female,70000,4,Graduate Degree,Professional,Yes,0,2-5 Miles,North America,35,Yes,4,5.6
13907,Single,Female,80000,3,Bachelors,Skilled Manual,Yes,1,0-1 Miles,North America,41,Yes,1,0.8
13911,Single,Female,80000,3,Bachelors,Skilled Manual,Yes,2,2-5 Miles,North America,41,Yes,4,5.6
13920,Single,Female,50000,4,Bachelors,Skilled Manual,Yes,2,0-1 Miles,North America,42,No,1,0.8
13934,Married,Male,40000,4,High School,Skilled Manual,Yes,2,2-5 Miles,North America,46,No,4,5.6
13942,Married,Male,60000,1,Partial College,Skilled Manual,Yes,1,0-1 Miles,North America,46,No,1,0.8
13961,Married,Female,80000,5,Graduate Degree,Management,Yes,3,0-1 Miles,Pacific,40,No,1,0.8
13981,Married,Female,10000,5,High School,Skilled Manual,No,3,1-2 Miles,Pacific,62,No,2,2.4
14032,Married,Male,70000,2,High School,Skilled Manual,No,2,1-2 Miles,Pacific,50,Yes,2,2.4
14058,Single,Male,70000,0,Bachelors,Professional,No,1,5-10 Miles,Pacific,41,Yes,8,12.1
14063,Single,Female,70000,0,Bachelors,Professional,No,1,0-1 Miles,Pacific,42,Yes,1,0.8
14077,Single,Male,30000,0,High School,Skilled Manual,Yes,2,5-10 Miles,North America,30,No,8,12.1
14090,Married,Female,30000,0,Partial High School,Clerical,No,2,0-1 Miles,North America,28,No,1,0.8
14092,Single,Male,30000,0,Partial High School,Clerical,Yes,2,5-10 Miles,North America,28,No,8,12.1
14135,Married,Male,20000,1,Partial College,Manual,Yes,0,1-2 Miles,Europe,35,No,2,2.4
14154,Married,Male,30000,0,Bachelors,Clerical,Yes,0,0-1 Miles,Europe,35,Yes,1,0.8
14164,Single,Female,50000,0,Graduate Degree,Skilled Manual,Yes,0,0-1 Miles,Europe,36,Yes,1,0.8
14177,Married,Male,80000,5,Partial College,Professional,No,2,2-5 Miles,Europe,60,No,4,5.6
14189,Married,Female,90000,4,High School,Professional,No,2,2-5 Miles,Europe,54,Yes,4,5.6
14191,Married,Male,160000,4,Partial College,Professional,No,2,10+ Miles,Europe,55,Yes,10,16.1
14192,Married,Male,90000,4,High School,Management,Yes,3,5-10 Miles,Europe,56,Yes,8,12.1
14193,Single,Female,100000,3,Partial College,Management,Yes,4,10+ Miles,Europe,56,No,10,16.1
14233,Single,Male,100000,0,High School,Management,Yes,3,10+ Miles,Pacific,35,No,10,16.1
14238,Married,Male,120000,0,Partial High School,Professional,Yes,4,10+ Miles,Pacific,36,Yes,10,16.1
14271,Married,Male,30000,0,High School,Skilled Manual,Yes,2,5-10 Miles,North America,32,No,8,12.1
14278,Married,Female,130000,0,Graduate Degree,Management,Yes,1,10+ Miles,Pacific,48,No,10,16.1
14284,Single,Male,60000,0,Partial College,Professional,No,2,1-2 Miles,North America,32,Yes,2,2.4
14312,Married,Female,60000,1,Partial College,Skilled Manual,Yes,1,5-10 Miles,Pacific,45,No,8,12.1
14332,Single,Female,30000,0,High School,Skilled Manual,No,2,5-10 Miles,North America,26,No,8,12.1
14347,Single,Female,40000,2,Bachelors,Management,Yes,2,5-10 Miles,Pacific,65,Yes,8,12.1
14389,Married,Male,60000,2,Bachelors,Management,Yes,0,2-5 Miles,North America,59,No,4,5.6
14417,Single,Male,60000,3,High School,Professional,Yes,2,10+ Miles,North America,54,Yes,10,16.1
14432,Single,Male,90000,4,Graduate Degree,Management,Yes,1,5-10 Miles,North America,73,No,8,12.1
14443,Married,Male,130000,1,Graduate Degree,Management,Yes,4,0-1 Miles,North America,40,No,1,0.8
14469,Married,Female,100000,3,Partial College,Professional,Yes,4,1-2 Miles,North America,45,No,2,2.4
14493,Single,Female,70000,3,Graduate Degree,Management,No,2,1-2 Miles,North America,53,No,2,2.4
14495,Married,Male,40000,3,Partial College,Professional,No,2,5-10 Miles,North America,54,Yes,8,12.1
14507,Married,Male,100000,2,Graduate Degree,Management,Yes,3,1-2 Miles,North America,65,No,2,2.4
14514,Single,Female,30000,0,Partial College,Skilled Manual,Yes,1,5-10 Miles,North America,26,No,8,12.1
14517,Married,Female,20000,3,High School,Skilled Manual,No,2,1-2 Miles,Pacific,62,No,2,2.4
14544,Single,Male,10000,1,Partial College,Manual,Yes,0,0-1 Miles,Europe,49,No,1,0.8
14545,Married,Female,10000,2,Partial College,Manual,Yes,0,1-2 Miles,Europe,49,No,2,2.4
14547,Married,Male,10000,2,Partial College,Manual,Yes,0,1-2 Miles,Europe,51,No,2,2.4
14554,Married,Male,20000,1,Bachelors,Clerical,Yes,0,0-1 Miles,Europe,66,No,1,0.8
14569,Married,Male,60000,1,Graduate Degree,Professional,Yes,0,0-1 Miles,North America,35,No,1,0.8
14572,Married,Female,70000,3,Graduate Degree,Professional,Yes,0,2-5 Miles,North America,35,Yes,4,5.6
14592,Married,Female,60000,0,Graduate Degree,Professional,Yes,0,0-1 Miles,North America,40,No,1,0.8
14602,Married,Female,80000,3,Graduate Degree,Professional,Yes,0,0-1 Miles,North America,36,Yes,1,0.8
14608,Married,Male,50000,4,Bachelors,Skilled Manual,Yes,3,10+ Miles,North America,42,No,10,16.1
14633,Married,Male,60000,1,Partial College,Skilled Manual,Yes,1,2-5 Miles,North America,44,No,4,5.6
14657,Married,Male,80000,1,Partial College,Skilled Manual,No,1,0-1 Miles,North America,47,Yes,1,0.8
14662,Married,Male,60000,1,Bachelors,Professional,Yes,1,0-1 Miles,North America,48,Yes,1,0.8
14669,Married,Female,80000,4,Graduate Degree,Management,Yes,1,0-1 Miles,Pacific,36,No,1,0.8
14682,Single,Female,70000,0,Bachelors,Professional,No,1,5-10 Miles,Pacific,38,No,8,12.1
14696,Single,Male,10000,0,Partial High School,Manual,No,2,0-1 Miles,Europe,34,No,1,0.8
14754,Married,Male,40000,1,Partial College,Clerical,Yes,1,1-2 Miles,North America,48,Yes,2,2.4
14777,Married,Female,40000,0,Bachelors,Clerical,Yes,0,0-1 Miles,Europe,38,Yes,1,0.8
14785,Single,Male,30000,1,Bachelors,Clerical,No,1,1-2 Miles,Europe,39,No,2,2.4
14791,Married,Female,40000,0,Bachelors,Clerical,Yes,0,0-1 Miles,Europe,39,Yes,1,0.8
14798,Single,Female,10000,4,Partial High School,Manual,Yes,2,0-1 Miles,Europe,41,Yes,1,0.8
14804,Single,Female,10000,3,Partial High School,Manual,Yes,2,0-1 Miles,Europe,43,No,1,0.8
14805,Single,Female,10000,3,Partial High School,Manual,Yes,2,0-1 Miles,Europe,43,No,1,0.8
14813,Single,Female,20000,4,High School,Manual,Yes,1,0-1 Miles,Europe,43,Yes,1,0.8
14832,Married,Male,40000,1,Bachelors,Skilled Manual,Yes,0,0-1 Miles,Europe,42,Yes,1,0.8
14865,Single,Male,40000,2,Partial College,Clerical,Yes,2,1-2 Miles,Europe,36,No,2,2.4
14872,Married,Male,30000,0,Graduate Degree,Skilled Manual,Yes,0,0-1 Miles,North America,32,No,1,0.8
14883,Married,Female,30000,1,Bachelors,Skilled Manual,Yes,1,5-10 Miles,North America,53,Yes,8,12.1
14887,Married,Female,30000,1,High School,Clerical,Yes,1,5-10 Miles,North America,52,No,8,12.1
14900,Married,Female,40000,1,Partial College,Clerical,Yes,1,1-2 Miles,North America,49,Yes,2,2.4
14913,Married,Female,40000,1,Partial College,Clerical,Yes,1,1-2 Miles,North America,48,Yes,2,2.4
14914,Married,Female,40000,1,Partial College,Clerical,Yes,1,1-2 Miles,North America,49,Yes,2,2.4
14926,Married,Male,30000,1,Bachelors,Clerical,Yes,0,0-1 Miles,Europe,38,Yes,1,0.8
14927,Married,Female,30000,1,Bachelors,Clerical,Yes,0,0-1 Miles,Europe,37,Yes,1,0.8
14939,Single,Male,40000,0,Bachelors,Clerical,Yes,0,0-1 Miles,Europe,39,Yes,1,0.8
15019,Single,Female,30000,3,High School,Skilled Manual,Yes,2,5-10 Miles,Pacific,55,No,8,12.1
15030,Married,Male,20000,0,Bachelors,Clerical,Yes,0,0-1 Miles,Pacific,26,Yes,1,0.8
15194,Single,Male,120000,2,Bachelors,Management,No,3,0-1 Miles,North America,39,Yes,1,0.8
15214,Single,Female,100000,0,Graduate Degree,Management,No,1,1-2 Miles,Pacific,39,Yes,2,2.4
15255,Married,Male,40000,0,High School,Skilled Manual,Yes,2,5-10 Miles,North America,28,Yes,8,12.1
15265,Single,Male,40000,2,Bachelors,Management,Yes,2,5-10 Miles,Pacific,66,Yes,8,12.1
15272,Single,Male,40000,0,High School,Skilled Manual,No,2,1-2 Miles,North America,30,No,2,2.4
15275,Married,Male,40000,0,Partial College,Skilled Manual,Yes,1,5-10 Miles,North America,29,No,8,12.1
15287,Single,Female,50000,1,Graduate Degree,Skilled Manual,Yes,0,1-2 Miles,North America,33,Yes,2,2.4
15292,Single,Female,60000,1,Graduate Degree,Skilled Manual,Yes,0,1-2 Miles,North America,35,No,2,2.4
15302,Single,Female,70000,1,Graduate Degree,Professional,Yes,0,2-5 Miles,North America,34,Yes,4,5.6
15313,Married,Male,60000,4,Bachelors,Management,Yes,2,2-5 Miles,North America,59,No,4,5.6
15319,Married,Female,70000,4,Bachelors,Management,No,1,1-2 Miles,North America,59,No,2,2.4
15372,Married,Male,80000,3,Partial College,Professional,No,2,2-5 Miles,North America,50,Yes,4,5.6
15382,Married,Female,110000,1,Bachelors,Management,Yes,2,1-2 Miles,North America,44,No,2,2.4
15412,Married,Male,130000,2,Graduate Degree,Management,Yes,3,2-5 Miles,North America,69,No,4,5.6
15450,Married,Male,10000,1,Graduate Degree,Clerical,Yes,0,0-1 Miles,Europe,70,No,1,0.8
15465,Married,Female,10000,0,Partial College,Manual,No,1,0-1 Miles,Pacific,25,No,1,0.8
15468,Married,Female,50000,1,Bachelors,Skilled Manual,Yes,1,0-1 Miles,North America,35,No,1,0.8
15501,Married,Male,70000,4,Graduate Degree,Professional,Yes,0,2-5 Miles,North America,36,Yes,4,5.6
15529,Married,Male,60000,4,Bachelors,Professional,Yes,2,2-5 Miles,North America,43,Yes,4,5.6
15532,Single,Male,60000,4,Bachelors,Professional,Yes,2,2-5 Miles,North America,43,Yes,4,5.6
15555,Married,Female,60000,1,Partial College,Skilled Manual,Yes,1,2-5 Miles,North America,45,Yes,4,5.6
15559,Married,Male,60000,5,Bachelors,Professional,Yes,1,2-5 Miles,North America,47,No,4,5.6
15580,Married,Male,60000,2,Bachelors,Professional,Yes,1,2-5 Miles,Pacific,38,Yes,4,5.6
15608,Single,Female,30000,0,Partial College,Clerical,No,1,2-5 Miles,Europe,33,No,4,5.6
15612,Single,Male,30000,0,High School,Manual,No,1,1-2 Miles,Europe,28,No,2,2.4
15628,Married,Female,40000,1,Bachelors,Skilled Manual,Yes,1,0-1 Miles,Europe,89,No,1,0.8
15629,Single,Female,10000,0,Partial High School,Manual,Yes,2,1-2 Miles,Europe,34,No,2,2.4
15657,Married,Male,30000,3,Graduate Degree,Clerical,Yes,0,0-1 Miles,Europe,46,Yes,1,0.8
15665,Married,Female,30000,0,Bachelors,Clerical,Yes,0,0-1 Miles,Europe,47,Yes,1,0.8
15682,Single,Female,80000,5,Bachelors,Management,Yes,2,10+ Miles,Europe,62,No,10,16.1
15740,Married,Male,80000,5,Bachelors,Management,Yes,2,1-2 Miles,North America,64,No,2,2.4
15749,Single,Female,70000,4,Bachelors,Management,Yes,2,10+ Miles,North America,61,No,10,16.1
15752,Married,Male,80000,2,High School,Skilled Manual,No,2,1-2 Miles,Pacific,50,Yes,2,2.4
15758,Married,Male,130000,0,Graduate Degree,Management,Yes,0,5-10 Miles,Pacific,48,No,8,12.1
15799,Married,Female,90000,1,Bachelors,Professional,Yes,1,2-5 Miles,Pacific,47,Yes,4,5.6
15814,Single,Female,40000,0,High School,Skilled Manual,Yes,1,5-10 Miles,North America,30,No,8,12.1
15822,Married,Male,40000,2,Bachelors,Management,Yes,2,0-1 Miles,Pacific,67,No,1,0.8
15839,Single,Male,30000,0,Partial College,Skilled Manual,Yes,1,5-10 Miles,North America,32,No,8,12.1
15862,Single,Female,50000,0,Graduate Degree,Skilled Manual,Yes,0,1-2 Miles,North America,33,Yes,2,2.4
15879,Married,Male,70000,5,Bachelors,Management,Yes,2,2-5 Miles,North America,61,No,4,5.6
15895,Single,Female,60000,2,Bachelors,Management,Yes,0,10+ Miles,North America,58,No,10,16.1
15922,Married,Male,150000,2,High School,Professional,Yes,4,0-1 Miles,Europe,48,No,1,0.8
15926,Single,Female,120000,3,High School,Professional,Yes,4,5-10 Miles,Europe,50,Yes,8,12.1
15940,Married,Male,100000,4,Partial College,Professional,Yes,4,0-1 Miles,North America,40,No,1,0.8
15982,Married,Male,110000,5,Partial College,Professional,Yes,4,2-5 Miles,North America,46,No,4,5.6
16007,Married,Female,90000,5,Bachelors,Management,Yes,2,1-2 Miles,North America,66,Yes,2,2.4
16009,Single,Male,170000,1,Graduate Degree,Management,No,4,0-1 Miles,North America,66,No,1,0.8
16020,Married,Male,40000,0,High School,Skilled Manual,Yes,2,5-10 Miles,North America,28,Yes,8,12.1
16043,Single,Male,10000,1,Bachelors,Manual,Yes,0,0-1 Miles,Europe,48,No,1,0.8
16112,Single,Male,70000,4,Bachelors,Professional,Yes,2,2-5 Miles,North America,43,Yes,4,5.6
16122,Married,Male,40000,4,High School,Skilled Manual,Yes,2,0-1 Miles,North America,44,Yes,1,0.8
16144,Married,Male,70000,1,Graduate Degree,Professional,Yes,1,0-1 Miles,North America,46,Yes,1,0.8
16145,Single,Female,70000,5,Graduate Degree,Professional,Yes,3,10+ Miles,North America,46,Yes,10,16.1
16151,Married,Female,60000,1,Bachelors,Professional,Yes,1,2-5 Miles,North America,48,Yes,4,5.6
16154,Married,Female,70000,5,Bachelors,Professional,Yes,2,2-5 Miles,North America,47,No,4,5.6
16163,Single,Male,60000,2,Bachelors,Professional,Yes,1,2-5 Miles,Pacific,38,Yes,4,5.6
16179,Single,Female,80000,5,Bachelors,Professional,Yes,4,1-2 Miles,Pacific,38,No,2,2.4
16185,Single,Male,60000,4,Bachelors,Professional,Yes,3,10+ Miles,Pacific,41,No,10,16.1
16188,Single,Female,20000,0,Partial High School,Manual,No,2,1-2 Miles,Europe,26,No,2,2.4
16200,Single,Female,10000,0,Partial High School,Manual,No,2,0-1 Miles,Europe,35,No,1,0.8
16209,Single,Female,50000,0,Graduate Degree,Skilled Manual,Yes,0,1-2 Miles,Europe,36,No,2,2.4
16217,Single,Female,60000,0,Graduate Degree,Skilled Manual,Yes,0,0-1 Miles,North America,39,No,1,0.8
16245,Single,Female,80000,4,Graduate Degree,Skilled Manual,Yes,0,1-2 Miles,North America,47,No,2,2.4
16247,Single,Female,60000,4,Graduate Degree,Skilled Manual,No,0,1-2 Miles,North America,47,No,2,2.4
16259,Single,Female,10000,4,Partial High School,Manual,Yes,2,0-1 Miles,Europe,40,Yes,1,0.8
16337,Married,Male,60000,0,Partial College,Skilled Manual,No,2,1-2 Miles,North America,29,No,2,2.4
16377,Single,Female,80000,4,Graduate Degree,Skilled Manual,No,0,0-1 Miles,North America,47,No,1,0.8
16390,Single,Male,30000,1,Bachelors,Clerical,No,0,0-1 Miles,Europe,38,Yes,1,0.8
16406,Married,Male,40000,0,Bachelors,Clerical,No,0,0-1 Miles,Europe,38,Yes,1,0.8
16410,Single,Female,10000,4,Partial High School,Manual,Yes,2,0-1 Miles,Europe,41,Yes,1,0.8
16438,Married,Female,10000,0,Partial High School,Manual,No,2,0-1 Miles,Europe,30,No,1,0.8
16466,Single,Female,20000,0,Partial High School,Manual,No,2,0-1 Miles,Europe,32,Yes,1,0.8
16466,Single,Female,20000,0,Partial High School,Manual,No,2,0-1 Miles,Europe,32,Yes,1,0.8
16468,Single,Male,30000,0,Partial College,Clerical,Yes,1,2-5 Miles,Europe,30,No,4,5.6
16487,Single,Female,30000,3,High School,Skilled Manual,Yes,2,5-10 Miles,Pacific,55,No,8,12.1
16489,Married,Male,30000,3,High School,Skilled Manual,Yes,2,5-10 Miles,Pacific,55,No,8,12.1
16514,Single,Male,10000,0,Partial College,Manual,Yes,1,1-2 Miles,Pacific,26,Yes,2,2.4
16549,Single,Female,30000,3,Bachelors,Clerical,Yes,0,0-1 Miles,Europe,47,Yes,1,0.8
16559,Single,Female,10000,2,High School,Manual,Yes,0,0-1 Miles,Europe,36,Yes,1,0.8
16614,Married,Female,80000,0,Bachelors,Professional,Yes,3,10+ Miles,Pacific,32,No,10,16.1
16651,Married,Female,120000,2,Bachelors,Management,Yes,3,5-10 Miles,North America,62,No,8,12.1
16675,Single,Female,160000,0,Graduate Degree,Management,No,3,0-1 Miles,Pacific,47,Yes,1,0.8
16713,Married,Male,40000,2,Bachelors,Management,Yes,1,0-1 Miles,Pacific,52,Yes,1,0.8
16725,Married,Male,30000,0,High School,Skilled Manual,Yes,2,5-10 Miles,North America,26,No,8,12.1
16751,Married,Male,60000,0,Partial College,Skilled Manual,Yes,1,5-10 Miles,North America,32,Yes,8,12.1
16753,Single,Female,70000,0,Partial College,Skilled Manual,Yes,2,5-10 Miles,North America,34,Yes,8,12.1
16773,Married,Male,60000,1,Graduate Degree,Skilled Manual,Yes,0,0-1 Miles,North America,33,No,1,0.8
16791,Single,Male,60000,5,Bachelors,Management,Yes,3,10+ Miles,North America,59,Yes,10,16.1
16795,Married,Female,70000,4,Bachelors,Management,Yes,1,1-2 Miles,North America,59,No,2,2.4
16813,Married,Male,60000,2,Partial College,Professional,Yes,2,10+ Miles,North America,55,No,10,16.1
16867,Single,Female,130000,1,Bachelors,Management,No,3,0-1 Miles,North America,45,Yes,1,0.8
16871,Married,Female,90000,2,High School,Professional,Yes,1,10+ Miles,North America,51,Yes,10,16.1
16890,Married,Male,60000,3,Partial High School,Skilled Manual,Yes,2,5-10 Miles,North America,52,Yes,8,12.1
16895,Married,Female,40000,3,Partial College,Professional,No,2,1-2 Miles,North America,54,Yes,2,2.4
16917,Married,Male,120000,1,Bachelors,Management,Yes,4,0-1 Miles,North America,38,No,1,0.8
17000,Single,Female,70000,4,Bachelors,Skilled Manual,Yes,2,2-5 Miles,North America,43,Yes,4,5.6
17012,Married,Female,60000,3,Graduate Degree,Professional,Yes,0,2-5 Miles,North America,42,Yes,4,5.6
17025,Single,Male,50000,0,Partial College,Skilled Manual,No,1,2-5 Miles,North America,39,Yes,4,5.6
17048,Single,Female,90000,1,Graduate Degree,Management,Yes,0,0-1 Miles,Pacific,36,Yes,1,0.8
17185,Married,Female,170000,4,Partial College,Professional,No,3,5-10 Miles,Europe,48,Yes,8,12.1
17191,Single,Male,130000,3,Partial College,Professional,No,3,0-1 Miles,Europe,51,Yes,1,0.8
17197,Single,Female,90000,5,Partial College,Professional,Yes,2,10+ Miles,Europe,62,No,10,16.1
17203,Married,Female,130000,4,Partial College,Professional,Yes,4,5-10 Miles,Europe,61,Yes,8,12.1
17230,Married,Male,80000,0,Bachelors,Professional,Yes,3,10+ Miles,Pacific,30,No,10,16.1
17238,Single,Male,80000,0,Bachelors,Professional,Yes,3,10+ Miles,Pacific,32,No,10,16.1
17260,Married,Male,90000,5,Partial College,Professional,Yes,3,0-1 Miles,North America,41,No,1,0.8
17269,Single,Male,60000,3,Bachelors,Professional,No,0,0-1 Miles,North America,47,Yes,1,0.8
17310,Married,Male,60000,1,Partial College,Skilled Manual,Yes,1,0-1 Miles,Pacific,45,Yes,1,0.8
17319,Single,Female,70000,0,Bachelors,Professional,No,1,5-10 Miles,Pacific,42,No,8,12.1
17324,Married,Female,100000,4,Bachelors,Professional,Yes,1,10+ Miles,Pacific,46,No,10,16.1
17337,Single,Male,40000,0,High School,Skilled Manual,Yes,1,5-10 Miles,North America,31,No,8,12.1
17352,Married,Male,50000,2,Graduate Degree,Management,Yes,1,5-10 Miles,Pacific,64,Yes,8,12.1
17369,Single,Male,30000,0,Partial College,Skilled Manual,Yes,1,5-10 Miles,North America,27,No,8,12.1
17436,Married,Male,60000,2,High School,Professional,No,2,1-2 Miles,North America,51,No,2,2.4
17450,Married,Male,80000,5,Partial College,Professional,Yes,3,5-10 Miles,North America,45,No,8,12.1
17458,Single,Male,70000,3,High School,Professional,Yes,0,5-10 Miles,North America,52,Yes,8,12.1
17462,Married,Male,70000,3,Graduate Degree,Management,Yes,2,5-10 Miles,North America,53,Yes,8,12.1
17471,Single,Female,80000,4,Graduate Degree,Management,Yes,2,5-10 Miles,North America,67,No,8,12.1
17482,Single,Female,40000,0,Partial High School,Clerical,Yes,2,5-10 Miles,North America,29,No,8,12.1
17504,Single,Female,80000,2,Partial College,Skilled Manual,Yes,2,5-10 Miles,Pacific,52,Yes,8,12.1
17519,Married,Female,60000,0,Partial College,Professional,Yes,2,5-10 Miles,North America,32,No,8,12.1
17522,Married,Male,120000,4,Bachelors,Management,Yes,1,2-5 Miles,Pacific,47,No,4,5.6
17531,Married,Male,60000,2,High School,Professional,No,2,5-10 Miles,North America,50,No,8,12.1
17533,Married,Male,40000,3,Partial College,Professional,No,2,5-10 Miles,North America,73,Yes,8,12.1
17541,Married,Female,40000,4,High School,Skilled Manual,Yes,2,2-5 Miles,North America,43,No,4,5.6
17546,Married,Female,70000,1,Partial College,Skilled Manual,Yes,1,0-1 Miles,North America,44,Yes,1,0.8
17650,Single,Female,40000,2,Partial College,Clerical,Yes,2,1-2 Miles,Europe,35,No,2,2.4
17654,Single,Female,40000,3,Partial College,Clerical,Yes,1,1-2 Miles,North America,30,Yes,2,2.4
17657,Married,Male,40000,4,Partial College,Clerical,No,0,0-1 Miles,North America,30,No,1,0.8
17668,Single,Male,30000,2,High School,Skilled Manual,Yes,2,1-2 Miles,North America,50,Yes,2,2.4
17699,Married,Male,60000,1,Graduate Degree,Skilled Manual,No,0,0-1 Miles,North America,55,No,1,0.8
17702,Married,Male,10000,1,Graduate Degree,Manual,Yes,0,0-1 Miles,Europe,37,No,1,0.8
17703,Married,Female,10000,1,Graduate Degree,Manual,Yes,0,0-1 Miles,Europe,40,No,1,0.8
17754,Single,Female,30000,3,Bachelors,Clerical,Yes,0,0-1 Miles,Europe,46,Yes,1,0.8
17793,Married,Female,40000,0,Bachelors,Clerical,Yes,0,0-1 Miles,Europe,38,Yes,1,0.8
17841,Single,Male,30000,0,Partial College,Clerical,No,1,0-1 Miles,Europe,29,Yes,1,0.8
17841,Single,Male,30000,0,Partial College,Clerical,No,1,0-1 Miles,Europe,29,Yes,1,0.8
17843,Single,Female,10000,0,Partial High School,Manual,No,2,0-1 Miles,Europe,32,No,1,0.8
17845,Single,Female,20000,0,Partial High School,Manual,No,2,1-2 Miles,Europe,32,No,2,2.4
17848,Single,Male,30000,0,Partial College,Clerical,No,1,2-5 Miles,Europe,31,Yes,4,5.6
17858,Married,Male,40000,4,High School,Skilled Manual,Yes,2,2-5 Miles,North America,44,Yes,4,5.6
17864,Married,Female,60000,1,Partial College,Skilled Manual,Yes,1,2-5 Miles,North America,46,Yes,4,5.6
17882,Married,Male,20000,1,Graduate Degree,Clerical,Yes,0,0-1 Miles,Europe,44,No,1,0.8
17891,Married,Female,10000,2,Partial College,Manual,Yes,1,0-1 Miles,Europe,50,Yes,1,0.8
17894,Married,Female,20000,1,Bachelors,Clerical,Yes,0,0-1 Miles,Europe,50,Yes,1,0.8
17907,Married,Female,10000,0,Partial College,Manual,Yes,1,2-5 Miles,Pacific,27,No,4,5.6
17926,Single,Female,40000,0,Bachelors,Clerical,No,0,0-1 Miles,Pacific,28,Yes,1,0.8
17960,Married,Female,40000,0,Graduate Degree,Clerical,Yes,0,0-1 Miles,Europe,35,Yes,1,0.8
17964,Married,Male,40000,0,Graduate Degree,Clerical,Yes,0,0-1 Miles,Europe,37,Yes,1,0.8
17978,Married,Male,40000,0,Graduate Degree,Clerical,Yes,0,0-1 Miles,Europe,37,Yes,1,0.8
17994,Single,Male,20000,2,High School,Manual,Yes,2,0-1 Miles,Europe,42,No,1,0.8
18012,Married,Female,40000,1,Bachelors,Skilled Manual,Yes,0,0-1 Miles,Europe,41,No,1,0.8
18018,Single,Male,30000,3,Partial College,Clerical,Yes,0,0-1 Miles,Europe,43,No,1,0.8
18050,Married,Female,60000,1,Partial College,Skilled Manual,Yes,1,0-1 Miles,North America,45,Yes,1,0.8
18052,Married,Female,60000,1,Partial College,Skilled Manual,Yes,1,0-1 Miles,North America,45,Yes,1,0.8
18058,Single,Female,20000,3,High School,Skilled Manual,Yes,2,2-5 Miles,North America,78,No,4,5.6
18066,Single,Male,70000,5,Bachelors,Management,Yes,3,10+ Miles,North America,60,Yes,10,16.1
18069,Married,Male,70000,5,Bachelors,Management,Yes,4,10+ Miles,North America,60,No,10,16.1
18105,Married,Female,60000,2,Partial College,Professional,Yes,1,10+ Miles,North America,55,No,10,16.1
18140,Married,Male,130000,3,Partial College,Professional,No,3,5-10 Miles,Europe,51,Yes,8,12.1
18144,Married,Female,80000,5,Bachelors,Management,Yes,2,2-5 Miles,Europe,61,No,4,5.6
18145,Married,Male,80000,5,Bachelors,Management,No,2,2-5 Miles,Europe,62,No,4,5.6
18151,Single,Male,80000,5,Partial College,Professional,No,2,10+ Miles,Europe,59,No,10,16.1
18153,Married,Female,100000,2,Bachelors,Management,Yes,4,10+ Miles,Europe,59,No,10,16.1
18160,Married,Male,130000,3,High School,Professional,Yes,4,5-10 Miles,Europe,51,Yes,8,12.1
18172,Married,Male,130000,4,High School,Professional,Yes,3,0-1 Miles,Europe,55,No,1,0.8
18253,Married,Female,80000,5,Graduate Degree,Management,Yes,3,0-1 Miles,Pacific,40,No,1,0.8
18267,Married,Male,60000,3,Bachelors,Professional,Yes,2,5-10 Miles,Pacific,43,No,8,12.1
18283,Single,Female,100000,0,Bachelors,Professional,No,1,5-10 Miles,Pacific,40,No,8,12.1
18283,Single,Female,100000,0,Bachelors,Professional,No,1,5-10 Miles,Pacific,40,No,8,12.1
18294,Married,Female,90000,1,Bachelors,Professional,Yes,1,5-10 Miles,Pacific,46,No,8,12.1
18299,Married,Male,70000,5,Partial College,Skilled Manual,Yes,2,5-10 Miles,Pacific,44,No,8,12.1
18299,Married,Male,70000,5,Partial College,Skilled Manual,Yes,2,5-10 Miles,Pacific,44,No,8,12.1
18322,Single,Male,30000,0,Partial High School,Clerical,No,2,0-1 Miles,North America,26,No,1,0.8
18329,Single,Male,30000,0,Partial High School,Clerical,No,2,5-10 Miles,North America,27,No,8,12.1
18347,Single,Female,30000,0,Partial College,Skilled Manual,No,1,1-2 Miles,North America,31,No,2,2.4
18363,Married,Male,40000,0,High School,Skilled Manual,Yes,2,5-10 Miles,North America,28,Yes,8,12.1
18390,Married,Male,80000,5,Partial College,Professional,Yes,2,0-1 Miles,North America,44,No,1,0.8
18391,Single,Female,80000,5,Partial College,Professional,Yes,2,5-10 Miles,North America,44,No,8,12.1
18411,Married,Male,60000,2,High School,Professional,No,2,5-10 Miles,North America,51,No,8,12.1
18423,Single,Male,80000,2,Partial High School,Skilled Manual,No,2,1-2 Miles,North America,52,No,2,2.4
18435,Single,Female,70000,5,Graduate Degree,Management,Yes,2,10+ Miles,North America,67,Yes,10,16.1
18484,Single,Male,80000,2,High School,Skilled Manual,No,2,1-2 Miles,Pacific,50,Yes,2,2.4
18484,Single,Male,80000,2,High School,Skilled Manual,No,2,1-2 Miles,Pacific,50,Yes,2,2.4
18491,Single,Female,70000,2,High School,Professional,Yes,2,5-10 Miles,Pacific,49,Yes,8,12.1
18494,Married,Male,110000,5,Bachelors,Management,Yes,4,2-5 Miles,Pacific,48,Yes,4,5.6
18504,Married,Male,70000,2,Partial High School,Skilled Manual,No,2,1-2 Miles,North America,49,No,2,2.4
18517,Married,Male,100000,3,Bachelors,Management,Yes,4,0-1 Miles,North America,41,No,1,0.8
18545,Married,Male,40000,4,High School,Professional,No,2,10+ Miles,North America,61,Yes,10,16.1
18560,Married,Female,70000,2,Graduate Degree,Professional,Yes,0,2-5 Miles,North America,34,Yes,4,5.6
18572,Married,Female,60000,0,Graduate Degree,Professional,Yes,0,0-1 Miles,North America,39,No,1,0.8
18577,Married,Female,60000,0,Graduate Degree,Professional,Yes,0,0-1 Miles,North America,40,No,1,0.8
18580,Married,Female,60000,2,Graduate Degree,Professional,Yes,0,2-5 Miles,North America,40,Yes,4,5.6
18594,Single,Female,80000,3,Bachelors,Skilled Manual,Yes,3,10+ Miles,North America,40,Yes,10,16.1
18607,Single,Female,60000,4,Bachelors,Skilled Manual,Yes,2,2-5 Miles,North America,42,Yes,4,5.6
18613,Single,Male,70000,0,Bachelors,Professional,No,1,2-5 Miles,North America,37,Yes,4,5.6
18626,Single,Male,40000,2,Partial College,Clerical,Yes,0,1-2 Miles,Europe,33,Yes,2,2.4
18649,Single,Male,30000,1,High School,Clerical,Yes,2,1-2 Miles,North America,51,Yes,2,2.4
18674,Single,Female,80000,4,Graduate Degree,Skilled Manual,No,0,0-1 Miles,North America,48,No,1,0.8
18711,Single,Female,70000,5,Bachelors,Professional,Yes,4,10+ Miles,Pacific,39,No,10,16.1
18740,Married,Male,80000,5,Bachelors,Professional,No,1,0-1 Miles,Pacific,47,Yes,1,0.8
18752,Single,Female,40000,0,High School,Skilled Manual,Yes,1,5-10 Miles,North America,31,No,8,12.1
18783,Single,Male,80000,0,Bachelors,Management,No,1,0-1 Miles,North America,38,Yes,1,0.8
18847,Married,Female,60000,2,Graduate Degree,Management,Yes,2,5-10 Miles,North America,70,No,8,12.1
18858,Single,Male,60000,2,Partial High School,Skilled Manual,Yes,2,5-10 Miles,North America,52,Yes,8,12.1
18891,Married,Female,40000,0,Partial College,Skilled Manual,Yes,2,5-10 Miles,North America,28,No,8,12.1
18910,Single,Male,30000,0,Partial College,Skilled Manual,Yes,2,5-10 Miles,North America,30,No,8,12.1
18935,Married,Female,130000,0,Graduate Degree,Management,Yes,3,1-2 Miles,North America,40,No,2,2.4
18949,Single,Male,70000,0,Graduate Degree,Management,Yes,2,5-10 Miles,North America,74,Yes,8,12.1
18952,Married,Female,100000,4,Bachelors,Management,Yes,4,0-1 Miles,North America,40,No,1,0.8
18976,Single,Male,40000,4,High School,Professional,Yes,2,10+ Miles,North America,62,Yes,10,16.1
19002,Married,Female,60000,2,Partial College,Professional,Yes,1,2-5 Miles,North America,57,Yes,4,5.6
19012,Married,Male,80000,3,Bachelors,Management,Yes,1,1-2 Miles,North America,56,No,2,2.4
19057,Married,Female,120000,3,Bachelors,Management,No,2,10+ Miles,Europe,52,Yes,10,16.1
19066,Married,Male,130000,4,Partial College,Professional,No,3,10+ Miles,Europe,54,No,10,16.1
19117,Single,Female,60000,1,Graduate Degree,Professional,Yes,0,2-5 Miles,North America,36,Yes,4,5.6
19133,Single,Male,50000,2,Bachelors,Skilled Manual,Yes,1,2-5 Miles,North America,38,Yes,4,5.6
19143,Single,Female,80000,3,Bachelors,Skilled Manual,Yes,2,2-5 Miles,North America,41,Yes,4,5.6
19147,Married,Male,40000,0,Bachelors,Professional,No,1,0-1 Miles,North America,42,No,1,0.8
19163,Married,Female,70000,4,Bachelors,Professional,Yes,2,0-1 Miles,North America,43,Yes,1,0.8
19164,Single,Female,70000,0,Bachelors,Professional,No,1,2-5 Miles,North America,38,Yes,4,5.6
19174,Single,Female,30000,0,High School,Manual,No,1,2-5 Miles,Europe,32,Yes,4,5.6
19183,Single,Male,10000,0,Partial High School,Manual,Yes,2,1-2 Miles,Europe,35,No,2,2.4
19193,Single,Male,40000,2,Partial College,Clerical,Yes,0,1-2 Miles,Europe,35,Yes,2,2.4
19193,Single,Male,40000,2,Partial College,Clerical,Yes,0,1-2 Miles,Europe,35,Yes,2,2.4
19217,Married,Male,30000,2,High School,Skilled Manual,Yes,2,1-2 Miles,North America,49,No,2,2.4
19223,Married,Female,30000,2,High School,Skilled Manual,Yes,2,1-2 Miles,North America,48,No,2,2.4
19228,Married,Female,40000,2,Partial College,Clerical,Yes,1,0-1 Miles,North America,48,No,1,0.8
19235,Married,Female,50000,0,Graduate Degree,Skilled Manual,Yes,0,0-1 Miles,North America,34,No,1,0.8
19255,Single,Male,10000,2,Partial College,Manual,Yes,1,0-1 Miles,Europe,51,Yes,1,0.8
19273,Married,Female,20000,2,Partial College,Manual,Yes,0,0-1 Miles,Europe,63,No,1,0.8
19273,Married,Female,20000,2,Partial College,Manual,Yes,0,0-1 Miles,Europe,63,No,1,0.8
19280,Married,Male,120000,2,Partial College,Manual,Yes,1,0-1 Miles,Europe,40,Yes,1,0.8
19280,Married,Male,120000,2,Partial College,Manual,Yes,1,0-1 Miles,Europe,40,Yes,1,0.8
19291,Single,Female,10000,2,High School,Manual,Yes,0,0-1 Miles,Europe,35,No,1,0.8
19299,Married,Female,50000,0,Graduate Degree,Skilled Manual,Yes,0,0-1 Miles,Europe,36,Yes,1,0.8
19305,Single,Female,10000,2,High School,Manual,Yes,1,0-1 Miles,Europe,38,Yes,1,0.8
19331,Single,Male,20000,2,High School,Manual,Yes,1,0-1 Miles,Europe,40,No,1,0.8
19364,Married,Male,40000,1,Bachelors,Skilled Manual,Yes,0,0-1 Miles,Europe,43,Yes,1,0.8
19389,Single,Male,30000,0,Partial College,Clerical,No,1,2-5 Miles,Europe,28,No,4,5.6
19399,Single,Male,40000,0,Bachelors,Professional,No,1,2-5 Miles,North America,45,No,4,5.6
19413,Single,Male,60000,3,Bachelors,Professional,No,1,0-1 Miles,North America,47,Yes,1,0.8
19441,Married,Male,40000,0,Graduate Degree,Clerical,Yes,0,0-1 Miles,Europe,25,Yes,1,0.8
19442,Single,Male,50000,0,Graduate Degree,Skilled Manual,Yes,0,0-1 Miles,Europe,37,Yes,1,0.8
19445,Married,Female,10000,2,High School,Manual,No,1,0-1 Miles,Europe,38,No,1,0.8
19461,Single,Female,10000,4,Partial High School,Manual,Yes,2,0-1 Miles,Europe,40,No,1,0.8
19475,Married,Female,40000,0,Bachelors,Professional,No,0,0-1 Miles,Europe,40,Yes,1,0.8
19477,Married,Male,40000,0,Bachelors,Professional,Yes,0,0-1 Miles,Europe,40,Yes,1,0.8
19482,Married,Male,30000,1,Partial College,Clerical,Yes,1,0-1 Miles,Europe,44,Yes,1,0.8
19487,Married,Male,30000,2,Partial College,Clerical,No,2,0-1 Miles,Europe,42,No,1,0.8
19491,Single,Male,30000,2,Partial College,Clerical,Yes,2,0-1 Miles,Europe,42,No,1,0.8
19508,Married,Male,10000,0,Partial High School,Manual,No,2,0-1 Miles,Europe,30,No,1,0.8
19543,Married,Male,70000,5,Graduate Degree,Professional,No,3,10+ Miles,North America,47,No,10,16.1
19562,Single,Female,60000,2,Bachelors,Professional,Yes,1,2-5 Miles,Pacific,37,Yes,4,5.6
19608,Married,Male,80000,5,Bachelors,Professional,Yes,4,1-2 Miles,Pacific,40,No,2,2.4
19618,Married,Male,70000,5,Partial College,Skilled Manual,Yes,2,0-1 Miles,Pacific,44,No,1,0.8
19626,Married,Male,70000,5,Partial College,Skilled Manual,Yes,3,5-10 Miles,Pacific,45,No,8,12.1
19634,Married,Male,40000,0,High School,Skilled Manual,Yes,1,5-10 Miles,North America,31,No,8,12.1
19650,Married,Female,30000,2,Partial College,Clerical,No,2,0-1 Miles,Pacific,67,No,1,0.8
19660,Married,Male,80000,4,Bachelors,Management,Yes,0,0-1 Miles,North America,43,No,1,0.8
19661,Single,Male,90000,4,Bachelors,Management,Yes,1,1-2 Miles,North America,38,Yes,2,2.4
19664,Single,Male,100000,3,Bachelors,Management,No,3,1-2 Miles,North America,38,No,2,2.4
19675,Married,Male,20000,4,High School,Skilled Manual,Yes,2,5-10 Miles,Pacific,60,No,8,12.1
19731,Married,Male,80000,4,Graduate Degree,Management,Yes,2,5-10 Miles,North America,68,No,8,12.1
19741,Single,Female,80000,4,Graduate Degree,Management,Yes,2,5-10 Miles,North America,65,No,8,12.1
19747,Married,Male,50000,4,Bachelors,Management,Yes,2,10+ Miles,North America,63,No,10,16.1
19748,Married,Male,20000,4,High School,Skilled Manual,No,2,1-2 Miles,Pacific,60,No,2,2.4
19758,Single,Male,60000,0,Partial College,Skilled Manual,No,2,1-2 Miles,North America,29,No,2,2.4
19784,Married,Female,80000,2,High School,Skilled Manual,Yes,2,5-10 Miles,Pacific,50,Yes,8,12.1
19812,Single,Female,70000,2,Partial College,Professional,Yes,0,5-10 Miles,North America,49,Yes,8,12.1
19856,Married,Female,60000,4,Bachelors,Management,Yes,2,2-5 Miles,North America,60,No,4,5.6
19884,Married,Male,60000,2,High School,Professional,Yes,2,2-5 Miles,North America,55,Yes,4,5.6
19889,Single,Female,70000,2,Partial High School,Skilled Manual,No,2,2-5 Miles,North America,54,Yes,4,5.6
19914,Married,Male,80000,5,Bachelors,Management,Yes,2,2-5 Miles,Europe,62,No,4,5.6
20000,Married,Male,60000,1,Graduate Degree,Professional,Yes,0,0-1 Miles,North America,35,Yes,1,0.8
20053,Single,Male,40000,2,Partial College,Clerical,Yes,0,0-1 Miles,Europe,34,No,1,0.8
20060,Single,Female,30000,0,High School,Manual,No,1,2-5 Miles,Europe,34,Yes,4,5.6
20076,Single,Female,10000,2,High School,Manual,Yes,2,1-2 Miles,North America,53,Yes,2,2.4
20084,Married,Male,20000,2,High School,Manual,No,2,0-1 Miles,North America,53,No,1,0.8
20147,Married,Female,30000,1,Bachelors,Clerical,Yes,0,0-1 Miles,Europe,65,No,1,0.8
20171,Married,Female,20000,2,Partial College,Manual,Yes,1,0-1 Miles,Europe,46,Yes,1,0.8
20196,Married,Male,60000,1,Partial College,Skilled Manual,Yes,1,2-5 Miles,North America,45,Yes,4,5.6
20228,Married,Male,100000,0,Graduate Degree,Management,Yes,0,2-5 Miles,Pacific,40,Yes,4,5.6
20236,Single,Male,60000,3,Bachelors,Professional,No,2,0-1 Miles,Pacific,43,Yes,1,0.8
20277,Married,Female,30000,2,Partial College,Clerical,No,2,0-1 Miles,Pacific,69,No,1,0.8
20296,Single,Female,60000,0,Partial College,Skilled Manual,No,1,1-2 Miles,North America,33,Yes,2,2.4
20310,Single,Male,60000,0,Partial College,Skilled Manual,Yes,1,5-10 Miles,North America,27,Yes,8,12.1
20339,Married,Female,130000,1,Bachelors,Management,Yes,4,2-5 Miles,North America,44,Yes,4,5.6
20343,Married,Female,90000,4,Partial College,Professional,Yes,1,1-2 Miles,North America,45,No,2,2.4
20361,Married,Male,50000,2,Graduate Degree,Management,Yes,2,5-10 Miles,North America,69,No,8,12.1
20370,Married,Male,70000,3,Partial High School,Skilled Manual,Yes,2,5-10 Miles,North America,52,No,8,12.1
20376,Single,Female,70000,3,Graduate Degree,Management,Yes,2,5-10 Miles,North America,52,Yes,8,12.1
20380,Married,Female,60000,3,Graduate Degree,Management,Yes,2,10+ Miles,North America,69,No,10,16.1
20401,Married,Female,50000,4,Bachelors,Management,Yes,2,1-2 Miles,North America,64,Yes,2,2.4
20414,Married,Female,60000,0,Partial College,Skilled Manual,Yes,2,5-10 Miles,North America,29,No,8,12.1
20417,Married,Male,30000,3,Partial College,Clerical,No,2,5-10 Miles,Pacific,56,No,8,12.1
20421,Single,Female,40000,0,Partial High School,Clerical,Yes,2,5-10 Miles,North America,26,No,8,12.1
20430,Married,Male,70000,2,Partial College,Skilled Manual,Yes,2,5-10 Miles,Pacific,52,Yes,8,12.1
20504,Married,Female,40000,5,High School,Professional,No,2,2-5 Miles,North America,60,No,4,5.6
20505,Married,Female,40000,5,High School,Professional,No,2,10+ Miles,North America,61,No,10,16.1
20514,Married,Female,70000,2,Partial College,Professional,Yes,1,2-5 Miles,North America,59,No,4,5.6
20518,Married,Female,70000,2,Partial College,Professional,Yes,1,10+ Miles,North America,58,No,10,16.1
20528,Married,Male,40000,2,Partial High School,Skilled Manual,Yes,2,2-5 Miles,North America,55,No,4,5.6
20535,Married,Female,70000,4,Partial College,Professional,Yes,1,10+ Miles,North America,56,No,10,16.1
20567,Married,Male,130000,4,Partial College,Professional,No,4,5-10 Miles,Europe,61,Yes,8,12.1
20598,Married,Male,100000,3,Partial High School,Professional,Yes,0,10+ Miles,Europe,59,Yes,10,16.1
20606,Married,Female,70000,0,Bachelors,Professional,Yes,4,10+ Miles,Pacific,32,Yes,10,16.1
20619,Single,Male,80000,0,Bachelors,Professional,No,4,10+ Miles,Pacific,35,No,10,16.1
20625,Married,Male,100000,0,High School,Management,Yes,3,10+ Miles,Pacific,35,Yes,10,16.1
20657,Single,Male,50000,2,Bachelors,Skilled Manual,Yes,0,2-5 Miles,North America,37,Yes,4,5.6
20659,Married,Male,70000,3,Graduate Degree,Professional,Yes,0,0-1 Miles,North America,35,Yes,1,0.8
20678,Single,Female,60000,3,Bachelors,Skilled Manual,Yes,1,2-5 Miles,North America,40,Yes,4,5.6
20698,Married,Male,60000,4,Bachelors,Skilled Manual,Yes,3,5-10 Miles,North America,42,No,8,12.1
20711,Married,Female,40000,1,Bachelors,Skilled Manual,Yes,0,1-2 Miles,Europe,32,Yes,2,2.4
20729,Married,Female,40000,2,Partial College,Clerical,No,1,0-1 Miles,Europe,34,No,1,0.8
20754,Married,Male,30000,2,High School,Skilled Manual,Yes,2,1-2 Miles,North America,51,No,2,2.4
20758,Married,Male,30000,2,High School,Skilled Manual,Yes,2,1-2 Miles,North America,50,No,2,2.4
20797,Married,Female,10000,1,Bachelors,Manual,Yes,0,0-1 Miles,Europe,48,No,1,0.8
20828,Married,Female,30000,4,Graduate Degree,Clerical,Yes,0,0-1 Miles,Europe,45,Yes,1,0.8
20839,Single,Female,30000,3,Graduate Degree,Clerical,Yes,0,0-1 Miles,Europe,47,Yes,1,0.8
20851,Single,Male,20000,0,Partial College,Manual,No,1,2-5 Miles,Europe,36,Yes,4,5.6
20870,Single,Female,10000,2,High School,Manual,Yes,1,0-1 Miles,Europe,38,Yes,1,0.8
20870,Single,Female,10000,2,High School,Manual,Yes,1,0-1 Miles,Europe,38,Yes,1,0.8
20877,Single,Male,30000,1,Bachelors,Clerical,Yes,0,1-2 Miles,Europe,37,Yes,2,2.4
20897,Married,Female,30000,1,Bachelors,Skilled Manual,Yes,2,0-1 Miles,Europe,40,No,1,0.8
20919,Single,Female,30000,2,Partial College,Clerical,Yes,2,0-1 Miles,Europe,42,No,1,0.8
20923,Married,Female,40000,1,Bachelors,Skilled Manual,Yes,0,0-1 Miles,Europe,42,Yes,1,0.8
20927,Single,Female,20000,5,High School,Manual,Yes,2,0-1 Miles,Europe,27,No,1,0.8
20942,Single,Female,20000,0,High School,Manual,No,1,5-10 Miles,Europe,31,No,8,12.1
20942,Single,Female,20000,0,High School,Manual,No,1,5-10 Miles,Europe,31,No,8,12.1
20946,Single,Female,30000,0,Partial College,Clerical,No,1,2-5 Miles,Europe,30,No,4,5.6
20962,Married,Female,20000,1,Graduate Degree,Clerical,Yes,0,0-1 Miles,Europe,45,No,1,0.8
20970,Single,Male,10000,2,Partial College,Manual,Yes,1,0-1 Miles,Europe,52,Yes,1,0.8
20974,Married,Male,10000,2,Bachelors,Clerical,Yes,1,0-1 Miles,Europe,66,No,1,0.8
20977,Married,Male,20000,1,Bachelors,Clerical,Yes,0,0-1 Miles,Europe,64,Yes,1,0.8
20994,Married,Female,20000,0,Bachelors,Clerical,No,0,0-1 Miles,Pacific,26,Yes,1,0.8
21006,Single,Female,30000,1,Partial College,Manual,No,0,0-1 Miles,Europe,46,Yes,1,0.8
21039,Single,Female,50000,0,Graduate Degree,Skilled Manual,No,0,0-1 Miles,Europe,37,Yes,1,0.8
21094,Single,Female,30000,2,Partial College,Clerical,Yes,2,0-1 Miles,Europe,42,No,1,0.8
21108,Married,Female,40000,1,Bachelors,Skilled Manual,Yes,1,0-1 Miles,Europe,43,Yes,1,0.8
21184,Single,Male,70000,0,Bachelors,Professional,No,1,5-10 Miles,Pacific,38,No,8,12.1
21207,Married,Male,60000,1,Partial College,Skilled Manual,Yes,1,5-10 Miles,Pacific,46,No,8,12.1
21213,Single,Male,70000,0,Bachelors,Professional,No,1,5-10 Miles,Pacific,41,No,8,12.1
21260,Single,Female,40000,0,High School,Skilled Manual,Yes,2,5-10 Miles,North America,30,No,8,12.1
21266,Single,Female,80000,0,Bachelors,Management,Yes,1,1-2 Miles,North America,34,Yes,2,2.4
21306,Single,Male,60000,2,High School,Professional,Yes,2,5-10 Miles,North America,51,No,8,12.1
21365,Married,Female,10000,2,Partial High School,Clerical,Yes,2,5-10 Miles,Pacific,58,No,8,12.1
21375,Single,Male,20000,2,Partial High School,Clerical,Yes,2,5-10 Miles,Pacific,57,No,8,12.1
21417,Single,Female,60000,0,Partial College,Professional,No,2,1-2 Miles,North America,32,Yes,2,2.4
21441,Married,Male,50000,4,Bachelors,Management,Yes,2,10+ Miles,North America,64,No,10,16.1
21451,Married,Female,40000,4,High School,Professional,Yes,2,10+ Miles,North America,61,No,10,16.1
21471,Married,Male,70000,2,Partial College,Professional,Yes,1,10+ Miles,North America,59,No,10,16.1
21554,Single,Female,80000,0,Bachelors,Professional,No,3,10+ Miles,Pacific,33,No,10,16.1
21557,Single,Female,110000,0,Partial College,Management,Yes,3,10+ Miles,Pacific,32,Yes,10,16.1
21560,Married,Male,120000,0,Partial High School,Professional,Yes,4,10+ Miles,Pacific,32,Yes,10,16.1
21561,Single,Male,90000,0,Bachelors,Professional,No,3,10+ Miles,Pacific,34,Yes,10,16.1
21564,Single,Female,80000,0,Bachelors,Professional,Yes,4,10+ Miles,Pacific,35,No,10,16.1
21564,Single,Female,80000,0,Bachelors,Professional,Yes,4,10+ Miles,Pacific,35,No,10,16.1
21568,Married,Female,100000,0,High School,Management,Yes,4,10+ Miles,Pacific,34,Yes,10,16.1
21583,Married,Female,50000,1,Bachelors,Skilled Manual,Yes,0,0-1 Miles,North America,34,Yes,1,0.8
21587,Married,Female,60000,1,Graduate Degree,Skilled Manual,Yes,0,2-5 Miles,North America,34,Yes,4,5.6
21599,Married,Female,60000,1,Graduate Degree,Professional,Yes,0,2-5 Miles,North America,36,Yes,4,5.6
21613,Single,Male,50000,2,Bachelors,Skilled Manual,No,1,0-1 Miles,North America,39,Yes,1,0.8
21660,Married,Female,60000,3,Graduate Degree,Professional,Yes,0,2-5 Miles,North America,43,Yes,4,5.6
21693,Single,Female,60000,0,Graduate Degree,Skilled Manual,No,0,0-1 Miles,North America,40,No,1,0.8
21695,Married,Male,60000,0,Graduate Degree,Skilled Manual,Yes,0,1-2 Miles,North America,39,Yes,2,2.4
21713,Single,Male,80000,5,Graduate Degree,Skilled Manual,No,0,0-1 Miles,North America,47,No,1,0.8
21714,Single,Female,80000,5,Graduate Degree,Skilled Manual,No,0,0-1 Miles,North America,47,No,1,0.8
21717,Married,Male,40000,2,Partial College,Clerical,Yes,1,0-1 Miles,North America,47,No,1,0.8
21738,Married,Male,20000,1,Graduate Degree,Clerical,Yes,0,0-1 Miles,Europe,43,No,1,0.8
21741,Married,Female,70000,3,Partial College,Professional,Yes,2,5-10 Miles,North America,50,Yes,8,12.1
21751,Married,Male,60000,3,Graduate Degree,Management,Yes,2,1-2 Miles,North America,63,No,2,2.4
21752,Married,Male,60000,3,Graduate Degree,Management,Yes,2,10+ Miles,North America,64,No,10,16.1
21770,Married,Male,60000,4,Bachelors,Management,Yes,2,10+ Miles,North America,60,No,10,16.1
21801,Married,Female,70000,4,Partial College,Professional,Yes,1,1-2 Miles,North America,55,No,2,2.4
21891,Married,Female,110000,0,High School,Management,Yes,3,10+ Miles,Pacific,34,Yes,10,16.1
21940,Married,Male,90000,5,Graduate Degree,Professional,Yes,0,0-1 Miles,North America,47,Yes,1,0.8
21974,Single,Female,70000,0,Bachelors,Professional,Yes,1,5-10 Miles,Pacific,42,Yes,8,12.1
21980,Single,Female,60000,1,Bachelors,Professional,Yes,1,5-10 Miles,Pacific,44,Yes,8,12.1
22005,Married,Female,70000,5,Partial College,Skilled Manual,No,3,5-10 Miles,Pacific,46,No,8,12.1
22006,Married,Male,70000,5,Partial College,Skilled Manual,Yes,3,5-10 Miles,Pacific,46,No,8,12.1
22010,Single,Male,40000,0,High School,Skilled Manual,Yes,2,5-10 Miles,North America,31,No,8,12.1
22014,Single,Male,30000,0,High School,Skilled Manual,Yes,2,5-10 Miles,North America,26,No,8,12.1
22042,Married,Female,70000,0,Partial College,Skilled Manual,Yes,2,5-10 Miles,North America,34,Yes,8,12.1
22046,Single,Female,80000,0,Bachelors,Management,No,1,0-1 Miles,North America,38,Yes,1,0.8
22050,Single,Male,90000,4,Bachelors,Management,Yes,1,1-2 Miles,North America,38,Yes,2,2.4
22088,Married,Female,130000,1,Bachelors,Management,Yes,2,0-1 Miles,North America,45,Yes,1,0.8
22118,Single,Female,70000,3,Graduate Degree,Management,Yes,2,5-10 Miles,North America,53,Yes,8,12.1
22127,Married,Male,60000,3,Graduate Degree,Management,Yes,2,1-2 Miles,North America,67,No,2,2.4
22155,Married,Male,20000,2,Partial High School,Clerical,Yes,2,5-10 Miles,Pacific,58,No,8,12.1
22170,Married,Female,30000,3,Partial College,Clerical,No,2,1-2 Miles,Pacific,55,Yes,2,2.4
22173,Married,Female,30000,3,High School,Skilled Manual,No,2,1-2 Miles,Pacific,54,Yes,2,2.4
22173,Married,Female,30000,3,High School,Skilled Manual,No,2,1-2 Miles,Pacific,54,Yes,2,2.4
22174,Married,Male,30000,3,High School,Skilled Manual,Yes,2,5-10 Miles,Pacific,54,Yes,8,12.1
22175,Married,Female,30000,3,High School,Skilled Manual,Yes,2,5-10 Miles,Pacific,53,Yes,8,12.1
22204,Married,Male,110000,4,Bachelors,Management,Yes,3,2-5 Miles,Pacific,48,No,4,5.6
22211,Married,Male,60000,0,Partial College,Professional,Yes,2,5-10 Miles,North America,32,No,8,12.1
22219,Married,Female,60000,2,High School,Professional,Yes,2,5-10 Miles,North America,49,No,8,12.1
22220,Married,Male,60000,2,High School,Professional,No,2,1-2 Miles,North America,49,Yes,2,2.4
22221,Married,Male,60000,2,High School,Professional,No,2,1-2 Miles,North America,48,Yes,2,2.4
22227,Married,Female,60000,2,High School,Professional,Yes,2,5-10 Miles,North America,50,No,8,12.1
22252,Single,Female,60000,1,Graduate Degree,Professional,Yes,0,2-5 Miles,North America,36,Yes,4,5.6
22294,Single,Female,70000,0,Bachelors,Professional,No,1,2-5 Miles,North America,37,Yes,4,5.6
22296,Married,Male,70000,0,Bachelors,Professional,No,1,0-1 Miles,North America,38,No,1,0.8
22330,Married,Male,50000,0,Graduate Degree,Skilled Manual,Yes,0,1-2 Miles,North America,32,Yes,2,2.4
22381,Married,Male,10000,1,Graduate Degree,Manual,Yes,0,0-1 Miles,Europe,44,No,1,0.8
22399,Single,Male,10000,0,Partial College,Manual,Yes,1,1-2 Miles,Pacific,26,Yes,2,2.4
22400,Married,Male,10000,0,Partial College,Manual,No,1,0-1 Miles,Pacific,26,Yes,1,0.8
22400,Married,Male,10000,0,Partial College,Manual,No,1,0-1 Miles,Pacific,26,Yes,1,0.8
22402,Married,Male,10000,0,Partial College,Manual,Yes,1,2-5 Miles,Pacific,25,Yes,4,5.6
22439,Married,Female,30000,0,Bachelors,Clerical,Yes,0,0-1 Miles,Europe,37,Yes,1,0.8
22464,Married,Male,40000,0,Graduate Degree,Clerical,Yes,0,0-1 Miles,Europe,37,Yes,1,0.8
22496,Married,Female,30000,1,Bachelors,Skilled Manual,Yes,2,0-1 Miles,Europe,42,No,1,0.8
22500,Single,Male,40000,0,Bachelors,Professional,No,0,0-1 Miles,Europe,40,Yes,1,0.8
22518,Single,Female,30000,3,Partial College,Clerical,No,2,0-1 Miles,Europe,27,Yes,1,0.8
22527,Single,Female,20000,0,High School,Manual,No,1,2-5 Miles,Europe,29,No,4,5.6
22538,Single,Female,10000,0,Partial High School,Manual,Yes,2,1-2 Miles,Europe,33,No,2,2.4
22610,Married,Male,30000,0,Bachelors,Clerical,Yes,0,0-1 Miles,Europe,35,Yes,1,0.8
22633,Single,Female,40000,0,Graduate Degree,Clerical,Yes,0,0-1 Miles,Europe,37,Yes,1,0.8
22634,Single,Female,40000,0,Graduate Degree,Clerical,Yes,0,0-1 Miles,Europe,38,Yes,1,0.8
22636,Single,Female,40000,0,Bachelors,Clerical,No,0,0-1 Miles,Europe,38,Yes,1,0.8
22672,Single,Female,30000,2,Partial College,Clerical,Yes,0,0-1 Miles,Europe,43,No,1,0.8
22707,Single,Female,30000,0,Partial College,Clerical,No,1,2-5 Miles,Europe,30,No,4,5.6
22719,Single,Male,110000,3,Bachelors,Management,Yes,4,2-5 Miles,North America,40,Yes,4,5.6
22730,Married,Male,70000,5,Bachelors,Management,Yes,2,10+ Miles,North America,63,No,10,16.1
22743,Married,Female,40000,5,High School,Professional,Yes,2,10+ Miles,North America,60,No,10,16.1
22821,Married,Female,130000,3,Partial College,Professional,Yes,4,0-1 Miles,Europe,52,No,1,0.8
22830,Married,Male,120000,4,Partial College,Management,Yes,3,10+ Miles,Europe,56,No,10,16.1
22864,Married,Male,90000,2,Partial College,Professional,No,0,5-10 Miles,North America,49,Yes,8,12.1
22918,Single,Male,80000,5,Graduate Degree,Management,Yes,3,0-1 Miles,Pacific,50,No,1,0.8
22930,Married,Male,90000,4,Bachelors,Professional,Yes,0,1-2 Miles,Pacific,38,Yes,2,2.4
22931,Married,Male,100000,5,Graduate Degree,Management,No,1,1-2 Miles,Pacific,78,Yes,2,2.4
22936,Single,Female,60000,1,Partial College,Skilled Manual,No,1,0-1 Miles,Pacific,45,Yes,1,0.8
22971,Single,Female,30000,0,High School,Skilled Manual,No,2,0-1 Miles,North America,25,Yes,1,0.8
22974,Married,Female,30000,2,Partial College,Clerical,Yes,2,5-10 Miles,Pacific,69,No,8,12.1
22976,Single,Male,40000,0,High School,Skilled Manual,No,2,0-1 Miles,North America,28,Yes,1,0.8
22983,Single,Female,30000,0,Partial High School,Clerical,Yes,2,5-10 Miles,North America,27,No,8,12.1
22988,Married,Female,40000,2,Bachelors,Management,Yes,2,5-10 Miles,Pacific,66,Yes,8,12.1
22994,Married,Female,80000,0,Bachelors,Management,Yes,1,1-2 Miles,North America,34,Yes,2,2.4
23027,Single,Male,130000,1,Bachelors,Management,No,4,0-1 Miles,North America,44,No,1,0.8
23041,Single,Female,70000,4,High School,Professional,Yes,0,5-10 Miles,North America,50,Yes,8,12.1
23089,Married,Male,40000,0,Partial College,Skilled Manual,Yes,1,5-10 Miles,North America,28,No,8,12.1
23105,Single,Male,40000,3,Partial High School,Clerical,No,2,5-10 Miles,Pacific,52,Yes,8,12.1
23144,Married,Male,50000,1,Bachelors,Skilled Manual,Yes,0,0-1 Miles,North America,34,Yes,1,0.8
23158,Married,Female,60000,1,Graduate Degree,Professional,No,0,0-1 Miles,North America,35,Yes,1,0.8
23195,Single,Male,50000,3,Bachelors,Skilled Manual,Yes,2,2-5 Miles,North America,41,Yes,4,5.6
23197,Married,Male,50000,3,Bachelors,Skilled Manual,Yes,2,2-5 Miles,North America,40,No,4,5.6
23200,Married,Female,50000,3,Bachelors,Skilled Manual,Yes,2,0-1 Miles,North America,41,No,1,0.8
23217,Single,Female,60000,3,Graduate Degree,Professional,Yes,0,2-5 Miles,North America,43,Yes,4,5.6
23248,Married,Female,10000,2,High School,Manual,Yes,2,1-2 Miles,North America,53,No,2,2.4
23256,Single,Male,30000,1,High School,Clerical,No,1,5-10 Miles,North America,52,No,8,12.1
23275,Married,Male,30000,2,High School,Skilled Manual,Yes,2,1-2 Miles,North America,49,No,2,2.4
23316,Single,Male,30000,3,Partial College,Clerical,No,2,1-2 Miles,Pacific,59,Yes,2,2.4
23316,Single,Male,30000,3,Partial College,Clerical,No,2,1-2 Miles,Pacific,59,Yes,2,2.4
23333,Married,Male,40000,0,Partial College,Skilled Manual,No,2,1-2 Miles,North America,30,No,2,2.4
23358,Married,Male,60000,0,High School,Professional,Yes,2,5-10 Miles,North America,32,Yes,8,12.1
23368,Married,Female,60000,5,Bachelors,Skilled Manual,Yes,3,10+ Miles,North America,41,No,10,16.1
23376,Married,Male,70000,1,Bachelors,Professional,Yes,1,2-5 Miles,North America,44,Yes,4,5.6
23378,Married,Male,70000,1,Partial College,Skilled Manual,Yes,1,2-5 Miles,North America,44,Yes,4,5.6
23419,Single,Female,70000,5,Bachelors,Professional,Yes,3,10+ Miles,Pacific,39,No,10,16.1
23426,Single,Male,80000,5,Graduate Degree,Management,Yes,3,0-1 Miles,Pacific,40,No,1,0.8
23432,Single,Male,70000,0,Bachelors,Professional,Yes,1,5-10 Miles,Pacific,37,Yes,8,12.1
23449,Married,Male,60000,2,High School,Professional,Yes,2,5-10 Miles,North America,48,No,8,12.1
23455,Single,Male,80000,2,Partial High School,Skilled Manual,No,2,1-2 Miles,North America,50,No,2,2.4
23459,Married,Male,60000,2,High School,Professional,Yes,2,5-10 Miles,North America,50,No,8,12.1
23461,Married,Female,90000,5,Partial College,Professional,Yes,3,2-5 Miles,North America,40,No,4,5.6
23479,Single,Male,90000,0,Partial College,Professional,No,2,0-1 Miles,North America,43,Yes,1,0.8
23491,Single,Male,100000,0,Partial College,Professional,No,4,1-2 Miles,North America,45,No,2,2.4
23513,Married,Female,40000,3,Partial College,Professional,Yes,2,5-10 Miles,North America,54,No,8,12.1
23542,Single,Male,60000,1,Partial College,Skilled Manual,No,1,0-1 Miles,Pacific,45,Yes,1,0.8
23542,Single,Male,60000,1,Partial College,Skilled Manual,No,1,0-1 Miles,Pacific,45,Yes,1,0.8
23549,Single,Male,30000,0,High School,Skilled Manual,Yes,2,5-10 Miles,North America,30,No,8,12.1
23571,Married,Female,40000,2,Bachelors,Management,Yes,2,0-1 Miles,Pacific,66,Yes,1,0.8
23586,Married,Female,80000,0,Bachelors,Management,Yes,1,1-2 Miles,North America,34,Yes,2,2.4
23608,Married,Female,150000,3,High School,Professional,Yes,3,0-1 Miles,Europe,51,Yes,1,0.8
23627,Single,Female,100000,3,Partial College,Management,No,4,5-10 Miles,Europe,56,No,8,12.1
23668,Married,Female,40000,4,High School,Professional,Yes,2,5-10 Miles,North America,59,Yes,8,12.1
23672,Married,Female,60000,3,Graduate Degree,Management,Yes,2,1-2 Miles,North America,67,No,2,2.4
23704,Single,Male,40000,5,High School,Professional,Yes,4,10+ Miles,North America,60,Yes,10,16.1
23707,Single,Male,70000,5,Bachelors,Management,Yes,3,10+ Miles,North America,60,Yes,10,16.1
23712,Single,Female,70000,2,Bachelors,Management,Yes,1,10+ Miles,North America,59,No,10,16.1
23731,Married,Male,60000,2,High School,Professional,Yes,2,2-5 Miles,North America,54,Yes,4,5.6
23780,Single,Male,40000,2,Partial College,Clerical,No,2,0-1 Miles,Europe,36,Yes,1,0.8
23797,Single,Male,20000,3,Partial High School,Clerical,No,2,0-1 Miles,North America,50,No,1,0.8
23801,Married,Female,20000,2,Partial High School,Clerical,Yes,2,0-1 Miles,North America,49,No,1,0.8
23818,Married,Female,50000,0,Graduate Degree,Skilled Manual,Yes,0,1-2 Miles,North America,33,Yes,2,2.4
23882,Single,Female,80000,3,Graduate Degree,Professional,Yes,0,0-1 Miles,North America,37,Yes,1,0.8
23893,Married,Male,50000,3,Bachelors,Skilled Manual,Yes,3,10+ Miles,North America,41,No,10,16.1
23908,Single,Male,30000,1,Bachelors,Clerical,No,1,0-1 Miles,Europe,39,Yes,1,0.8
23915,Married,Male,20000,2,High School,Manual,Yes,2,0-1 Miles,Europe,42,No,1,0.8
23940,Married,Male,40000,1,Bachelors,Skilled Manual,Yes,1,0-1 Miles,Europe,44,Yes,1,0.8
23962,Married,Female,10000,0,Partial High School,Manual,Yes,2,1-2 Miles,Europe,32,No,2,2.4
23963,Married,Male,10000,0,Partial High School,Manual,No,2,0-1 Miles,Europe,33,No,1,0.8
23979,Single,Male,10000,2,Partial College,Manual,No,0,0-1 Miles,Europe,50,No,1,0.8
23986,Married,Female,20000,1,Bachelors,Clerical,Yes,0,0-1 Miles,Europe,66,Yes,1,0.8
23993,Single,Female,10000,0,Partial College,Manual,No,1,0-1 Miles,Pacific,26,Yes,1,0.8
24061,Married,Male,10000,4,Partial High School,Manual,Yes,1,0-1 Miles,Europe,40,Yes,1,0.8
24065,Single,Female,20000,0,High School,Manual,Yes,0,0-1 Miles,Europe,40,Yes,1,0.8
24093,Single,Female,80000,0,Graduate Degree,Skilled Manual,No,0,0-1 Miles,Europe,40,Yes,1,0.8
24107,Married,Male,30000,3,Partial College,Clerical,Yes,1,0-1 Miles,Europe,43,No,1,0.8
24119,Single,Male,30000,0,Partial College,Clerical,No,1,2-5 Miles,Europe,29,No,4,5.6
24121,Single,Female,30000,0,Partial College,Clerical,No,1,0-1 Miles,Europe,29,Yes,1,0.8
24140,Single,Male,10000,0,Graduate Degree,Manual,No,0,0-1 Miles,Europe,30,Yes,1,0.8
24149,Married,Male,10000,2,Partial College,Manual,Yes,0,1-2 Miles,Europe,49,No,2,2.4
24151,Single,Male,20000,1,Bachelors,Clerical,No,0,0-1 Miles,Europe,51,No,1,0.8
24174,Married,Male,20000,0,Bachelors,Clerical,Yes,0,0-1 Miles,Pacific,27,Yes,1,0.8
24185,Single,Female,10000,1,High School,Manual,No,1,1-2 Miles,Europe,45,No,2,2.4
24187,Single,Female,30000,3,Graduate Degree,Clerical,No,0,0-1 Miles,Europe,46,Yes,1,0.8
24201,Married,Female,10000,2,High School,Manual,Yes,0,0-1 Miles,Europe,37,Yes,1,0.8
24273,Married,Female,20000,2,Partial High School,Clerical,Yes,2,5-10 Miles,Pacific,55,Yes,8,12.1
24279,Single,Male,40000,2,Partial College,Skilled Manual,No,2,1-2 Miles,Pacific,52,No,2,2.4
24305,Single,Male,100000,1,Bachelors,Management,No,3,0-1 Miles,Pacific,46,Yes,1,0.8
24322,Married,Female,60000,4,Bachelors,Skilled Manual,No,2,0-1 Miles,North America,42,No,1,0.8
24324,Single,Female,60000,4,Bachelors,Skilled Manual,Yes,2,2-5 Miles,North America,41,Yes,4,5.6
24357,Married,Male,80000,3,Bachelors,Professional,Yes,1,2-5 Miles,North America,48,Yes,4,5.6
24369,Married,Male,80000,5,Graduate Degree,Management,No,2,0-1 Miles,Pacific,39,No,1,0.8
24381,Single,Male,70000,0,Bachelors,Professional,Yes,1,5-10 Miles,Pacific,41,Yes,8,12.1
24397,Single,Male,120000,2,Bachelors,Management,No,4,1-2 Miles,North America,40,No,2,2.4
24398,Married,Male,130000,1,Graduate Degree,Management,Yes,4,0-1 Miles,North America,41,No,1,0.8
24416,Married,Male,90000,4,High School,Professional,Yes,2,1-2 Miles,North America,45,No,2,2.4
24433,Married,Male,70000,3,High School,Professional,No,1,1-2 Miles,North America,52,Yes,2,2.4
24466,Married,Female,60000,1,Partial College,Skilled Manual,Yes,1,5-10 Miles,Pacific,46,Yes,8,12.1
24485,Single,Male,40000,2,Bachelors,Management,No,1,5-10 Miles,Pacific,52,Yes,8,12.1
24496,Single,Female,40000,0,High School,Skilled Manual,No,2,0-1 Miles,North America,28,Yes,1,0.8
24514,Married,Male,40000,0,Partial College,Skilled Manual,Yes,1,5-10 Miles,North America,30,No,8,12.1
24584,Single,Male,60000,0,Bachelors,Professional,No,3,2-5 Miles,Pacific,31,No,4,5.6
24611,Single,Male,90000,0,Bachelors,Professional,No,4,10+ Miles,Pacific,35,Yes,10,16.1
24637,Married,Male,40000,4,High School,Professional,Yes,2,10+ Miles,North America,64,No,10,16.1
24643,Single,Female,60000,4,Bachelors,Management,Yes,2,10+ Miles,North America,63,No,10,16.1
24725,Married,Female,40000,3,Partial College,Clerical,Yes,0,1-2 Miles,North America,31,No,2,2.4
24738,Married,Female,40000,1,Partial College,Clerical,Yes,1,1-2 Miles,North America,51,Yes,2,2.4
24745,Single,Female,30000,2,High School,Skilled Manual,No,2,0-1 Miles,North America,49,No,1,0.8
24801,Single,Male,60000,1,Graduate Degree,Professional,Yes,0,2-5 Miles,North America,35,Yes,4,5.6
24842,Single,Female,90000,3,High School,Professional,No,1,2-5 Miles,Europe,51,No,4,5.6
24857,Married,Female,130000,3,High School,Professional,Yes,4,0-1 Miles,Europe,52,No,1,0.8
24871,Single,Female,90000,4,High School,Management,No,3,5-10 Miles,Europe,56,No,8,12.1
24898,Single,Female,80000,0,Bachelors,Professional,Yes,3,10+ Miles,Pacific,32,No,10,16.1
24901,Single,Male,110000,0,Partial College,Management,No,3,10+ Miles,Pacific,32,Yes,10,16.1
24941,Married,Male,60000,3,Bachelors,Management,Yes,2,10+ Miles,North America,66,No,10,16.1
24943,Married,Male,60000,3,Bachelors,Management,Yes,2,10+ Miles,North America,66,No,10,16.1
24955,Single,Male,30000,5,Partial High School,Skilled Manual,Yes,3,10+ Miles,North America,60,Yes,10,16.1
24958,Single,Female,40000,5,High School,Professional,No,3,2-5 Miles,North America,60,Yes,4,5.6
24979,Married,Female,60000,2,Partial College,Professional,Yes,2,2-5 Miles,North America,57,Yes,4,5.6
24981,Married,Male,60000,2,Partial College,Professional,Yes,2,10+ Miles,North America,56,No,10,16.1
25006,Single,Female,30000,0,Partial College,Skilled Manual,Yes,1,5-10 Miles,North America,28,No,8,12.1
25026,Married,Male,20000,2,Partial High School,Clerical,Yes,3,5-10 Miles,Pacific,54,No,8,12.1
25041,Single,Male,40000,0,High School,Skilled Manual,Yes,2,5-10 Miles,North America,31,No,8,12.1
25058,Married,Male,100000,1,Bachelors,Management,Yes,3,2-5 Miles,Pacific,47,No,4,5.6
25065,Married,Male,70000,2,Partial High School,Skilled Manual,Yes,2,5-10 Miles,North America,48,No,8,12.1
25074,Married,Female,70000,4,Bachelors,Professional,Yes,2,2-5 Miles,North America,42,Yes,4,5.6
25101,Married,Male,60000,5,Bachelors,Professional,Yes,1,2-5 Miles,North America,47,No,4,5.6
25148,Married,Male,60000,2,High School,Professional,No,2,1-2 Miles,North America,48,Yes,2,2.4
25184,Single,Male,110000,1,Partial College,Professional,Yes,4,5-10 Miles,North America,45,Yes,8,12.1
25241,Married,Male,90000,2,Bachelors,Professional,Yes,1,5-10 Miles,Pacific,47,No,8,12.1
25261,Married,Male,40000,0,High School,Skilled Manual,Yes,2,5-10 Miles,North America,27,No,8,12.1
25266,Single,Female,30000,2,Partial College,Clerical,No,2,5-10 Miles,Pacific,67,No,8,12.1
25293,Married,Male,80000,4,Bachelors,Management,Yes,0,1-2 Miles,North America,42,No,2,2.4
25303,Single,Male,30000,0,High School,Manual,Yes,1,2-5 Miles,Europe,33,Yes,4,5.6
25307,Married,Female,40000,1,Bachelors,Skilled Manual,Yes,1,1-2 Miles,Europe,32,Yes,2,2.4
25313,Single,Male,10000,0,Partial High School,Manual,No,2,1-2 Miles,Europe,35,No,2,2.4
25323,Married,Male,40000,2,Partial College,Clerical,Yes,1,1-2 Miles,Europe,35,Yes,2,2.4
25323,Married,Male,40000,2,Partial College,Clerical,Yes,1,1-2 Miles,Europe,35,Yes,2,2.4
25329,Single,Female,40000,3,Partial College,Clerical,No,2,0-1 Miles,North America,32,No,1,0.8
25343,Single,Female,20000,3,Partial High School,Clerical,Yes,2,1-2 Miles,North America,50,No,2,2.4
25347,Single,Female,20000,3,Partial High School,Clerical,No,2,0-1 Miles,North America,49,No,1,0.8
25375,Married,Male,50000,1,Graduate Degree,Skilled Manual,Yes,0,1-2 Miles,North America,34,No,2,2.4
25394,Married,Male,60000,1,Graduate Degree,Professional,Yes,0,2-5 Miles,North America,34,Yes,4,5.6
25405,Married,Male,70000,2,Bachelors,Skilled Manual,Yes,1,2-5 Miles,North America,38,Yes,4,5.6
25419,Single,Male,50000,2,Bachelors,Skilled Manual,No,1,0-1 Miles,North America,38,Yes,1,0.8
25458,Married,Male,20000,1,High School,Manual,No,1,1-2 Miles,Europe,40,Yes,2,2.4
25460,Married,Female,20000,2,High School,Manual,Yes,0,0-1 Miles,Europe,40,Yes,1,0.8
25502,Married,Female,40000,1,Bachelors,Skilled Manual,Yes,0,0-1 Miles,Europe,43,Yes,1,0.8
25512,Single,Male,20000,0,High School,Manual,No,1,2-5 Miles,Europe,30,No,4,5.6
25529,Single,Male,10000,1,Graduate Degree,Manual,Yes,0,0-1 Miles,Europe,44,No,1,0.8
25553,Married,Male,30000,1,Bachelors,Clerical,Yes,0,0-1 Miles,Europe,65,Yes,1,0.8
25555,Married,Female,10000,0,Partial College,Manual,No,1,0-1 Miles,Pacific,26,Yes,1,0.8
25559,Single,Male,20000,0,Bachelors,Clerical,Yes,0,0-1 Miles,Pacific,25,Yes,1,0.8
25597,Single,Male,30000,0,Bachelors,Clerical,No,0,0-1 Miles,Europe,36,Yes,1,0.8
25598,Married,Female,40000,0,Graduate Degree,Clerical,Yes,0,0-1 Miles,Europe,36,Yes,1,0.8
25598,Married,Female,40000,0,Graduate Degree,Clerical,Yes,0,0-1 Miles,Europe,36,Yes,1,0.8
25605,Single,Female,20000,2,Partial College,Manual,No,1,0-1 Miles,Europe,54,Yes,1,0.8
25649,Single,Female,30000,3,Partial College,Clerical,Yes,0,0-1 Miles,Europe,42,Yes,1,0.8
25651,Married,Male,40000,1,Bachelors,Skilled Manual,No,0,0-1 Miles,Europe,43,Yes,1,0.8
25665,Single,Female,20000,0,High School,Manual,No,1,1-2 Miles,Europe,28,No,2,2.4
25681,Single,Female,30000,0,Partial College,Clerical,No,1,2-5 Miles,Europe,31,Yes,4,5.6
25693,Single,Female,30000,5,Graduate Degree,Clerical,Yes,0,0-1 Miles,Europe,44,Yes,1,0.8
25752,Single,Female,20000,2,Partial College,Manual,No,1,0-1 Miles,Europe,53,Yes,1,0.8
25792,Single,Female,110000,3,Bachelors,Management,Yes,4,10+ Miles,Europe,53,No,10,16.1
25872,Single,Female,70000,2,Bachelors,Management,No,1,2-5 Miles,North America,58,Yes,4,5.6
25886,Married,Female,60000,2,Partial College,Professional,Yes,2,2-5 Miles,North America,56,Yes,4,5.6
25898,Married,Female,70000,2,High School,Professional,Yes,2,2-5 Miles,North America,53,No,4,5.6
25899,Married,Female,70000,2,High School,Professional,Yes,2,10+ Miles,North America,53,No,10,16.1
25906,Single,Female,10000,5,High School,Skilled Manual,No,2,1-2 Miles,Pacific,62,No,2,2.4
25908,Married,Female,60000,0,Partial College,Skilled Manual,No,1,1-2 Miles,North America,27,No,2,2.4
25909,Married,Male,60000,0,Partial College,Skilled Manual,Yes,1,5-10 Miles,North America,27,Yes,8,12.1
25918,Single,Female,30000,2,Partial College,Clerical,No,2,5-10 Miles,Pacific,60,Yes,8,12.1
25923,Single,Male,10000,2,Partial High School,Clerical,Yes,2,5-10 Miles,Pacific,58,No,8,12.1
25940,Single,Male,20000,2,Partial High School,Clerical,Yes,2,5-10 Miles,Pacific,55,Yes,8,12.1
25940,Single,Male,20000,2,Partial High School,Clerical,Yes,2,5-10 Miles,Pacific,55,Yes,8,12.1
25943,Single,Female,70000,0,Partial College,Skilled Manual,No,2,0-1 Miles,North America,27,Yes,1,0.8
25954,Married,Male,60000,0,Partial College,Skilled Manual,No,2,1-2 Miles,North America,31,No,2,2.4
25970,Single,Female,60000,4,Bachelors,Skilled Manual,No,2,0-1 Miles,North America,41,Yes,1,0.8
25983,Married,Male,70000,0,Bachelors,Professional,No,1,0-1 Miles,North America,43,No,1,0.8
26012,Married,Male,80000,1,Partial College,Skilled Manual,Yes,1,2-5 Miles,North America,48,Yes,4,5.6
26032,Married,Female,70000,5,Bachelors,Professional,Yes,4,10+ Miles,Pacific,41,No,10,16.1
26065,Single,Female,110000,3,Bachelors,Management,No,4,1-2 Miles,North America,42,No,2,2.4
26139,Single,Male,60000,1,Partial College,Skilled Manual,Yes,1,5-10 Miles,Pacific,45,No,8,12.1
26150,Single,Female,70000,0,Bachelors,Professional,No,1,0-1 Miles,Pacific,41,Yes,1,0.8
26154,Married,Male,60000,1,Partial College,Skilled Manual,Yes,1,5-10 Miles,Pacific,43,Yes,8,12.1
26167,Single,Female,40000,2,Bachelors,Management,No,1,5-10 Miles,Pacific,53,Yes,8,12.1
26219,Married,Female,40000,1,Bachelors,Skilled Manual,Yes,1,1-2 Miles,Europe,33,Yes,2,2.4
26236,Married,Female,40000,3,Partial College,Clerical,Yes,1,0-1 Miles,North America,31,No,1,0.8
26238,Single,Female,40000,3,Partial College,Clerical,Yes,1,1-2 Miles,North America,31,Yes,2,2.4
26248,Married,Male,20000,3,Partial High School,Clerical,No,2,0-1 Miles,North America,52,No,1,0.8
26270,Single,Female,20000,2,Partial High School,Clerical,Yes,2,1-2 Miles,North America,49,No,2,2.4
26298,Married,Female,50000,1,Bachelors,Skilled Manual,Yes,0,2-5 Miles,North America,34,Yes,4,5.6
26305,Single,Female,60000,2,Bachelors,Skilled Manual,No,0,0-1 Miles,North America,36,Yes,1,0.8
26327,Married,Male,70000,4,Graduate Degree,Professional,Yes,0,2-5 Miles,North America,36,Yes,4,5.6
26341,Married,Female,70000,5,Graduate Degree,Professional,Yes,2,0-1 Miles,North America,37,No,1,0.8
26354,Single,Male,40000,0,Graduate Degree,Clerical,No,0,0-1 Miles,Europe,38,Yes,1,0.8
26385,Single,Male,120000,3,High School,Professional,No,4,5-10 Miles,Europe,50,No,8,12.1
26412,Married,Female,80000,5,High School,Management,No,3,5-10 Miles,Europe,56,No,8,12.1
26412,Married,Female,80000,5,High School,Management,No,3,5-10 Miles,Europe,56,No,8,12.1
26415,Married,Female,90000,4,Partial High School,Skilled Manual,Yes,4,10+ Miles,Europe,58,No,10,16.1
26452,Single,Male,50000,3,Graduate Degree,Management,Yes,2,10+ Miles,North America,69,No,10,16.1
26490,Single,Male,70000,2,Bachelors,Management,No,1,2-5 Miles,North America,59,Yes,4,5.6
26495,Single,Female,40000,2,High School,Professional,Yes,2,10+ Miles,North America,57,No,10,16.1
26547,Single,Female,30000,2,Partial College,Clerical,No,2,5-10 Miles,Pacific,60,Yes,8,12.1
26575,Single,Female,40000,0,High School,Skilled Manual,No,2,1-2 Miles,North America,31,Yes,2,2.4
26576,Married,Female,60000,0,Partial College,Skilled Manual,Yes,2,5-10 Miles,North America,31,No,8,12.1
26582,Married,Male,60000,0,Partial College,Skilled Manual,Yes,2,5-10 Miles,North America,33,Yes,8,12.1
26597,Single,Female,60000,4,Bachelors,Skilled Manual,No,2,0-1 Miles,North America,42,No,1,0.8
26625,Single,Female,60000,0,Graduate Degree,Professional,Yes,1,2-5 Miles,North America,38,Yes,4,5.6
26651,Single,Male,80000,4,Graduate Degree,Management,Yes,0,0-1 Miles,Pacific,36,Yes,1,0.8
26654,Married,Female,90000,1,Graduate Degree,Management,Yes,0,0-1 Miles,Pacific,37,Yes,1,0.8
26663,Single,Female,60000,2,Bachelors,Professional,No,1,0-1 Miles,Pacific,39,Yes,1,0.8
26678,Single,Female,80000,2,Partial High School,Skilled Manual,Yes,2,5-10 Miles,North America,49,No,8,12.1
26693,Married,Male,70000,3,Partial College,Professional,Yes,1,5-10 Miles,North America,49,No,8,12.1
26728,Single,Male,70000,3,Graduate Degree,Management,No,2,1-2 Miles,North America,53,Yes,2,2.4
26757,Single,Male,90000,1,Bachelors,Professional,Yes,1,2-5 Miles,Pacific,47,Yes,4,5.6
26765,Single,Female,70000,5,Partial College,Skilled Manual,Yes,2,5-10 Miles,Pacific,45,No,8,12.1
26778,Single,Female,40000,0,High School,Skilled Manual,Yes,2,5-10 Miles,North America,31,No,8,12.1
26796,Single,Male,40000,2,Bachelors,Management,Yes,2,5-10 Miles,Pacific,65,Yes,8,12.1
26818,Single,Male,10000,3,High School,Manual,Yes,1,0-1 Miles,Europe,39,Yes,1,0.8
26829,Married,Female,40000,0,Bachelors,Clerical,Yes,0,0-1 Miles,Europe,38,Yes,1,0.8
26849,Married,Male,10000,3,Partial High School,Manual,Yes,2,0-1 Miles,Europe,43,No,1,0.8
26852,Married,Female,20000,3,High School,Manual,Yes,2,0-1 Miles,Europe,43,No,1,0.8
26863,Single,Male,20000,0,High School,Manual,No,1,2-5 Miles,Europe,28,No,4,5.6
26879,Single,Female,20000,0,High School,Manual,No,1,2-5 Miles,Europe,30,No,4,5.6
26886,Single,Female,30000,0,Partial College,Clerical,No,1,0-1 Miles,Europe,29,Yes,1,0.8
26928,Single,Male,30000,1,Bachelors,Clerical,Yes,0,0-1 Miles,Europe,62,Yes,1,0.8
26941,Married,Male,30000,0,Bachelors,Clerical,Yes,0,0-1 Miles,Europe,47,Yes,1,0.8
26944,Single,Male,90000,2,High School,Manual,Yes,0,0-1 Miles,Europe,36,Yes,1,0.8
26956,Single,Female,20000,0,Partial College,Manual,No,1,2-5 Miles,Europe,36,Yes,4,5.6
26984,Married,Male,40000,1,Bachelors,Skilled Manual,Yes,1,0-1 Miles,Europe,32,Yes,1,0.8
27040,Married,Male,20000,2,Partial High School,Clerical,Yes,2,1-2 Miles,North America,49,No,2,2.4
27074,Married,Female,70000,1,Graduate Degree,Skilled Manual,Yes,0,0-1 Miles,North America,35,Yes,1,0.8
27090,Married,Female,60000,1,Graduate Degree,Professional,Yes,0,2-5 Miles,North America,37,Yes,4,5.6
27165,Single,Male,20000,0,Partial High School,Manual,No,2,0-1 Miles,Europe,34,No,1,0.8
27169,Single,Male,30000,0,High School,Manual,Yes,1,2-5 Miles,Europe,34,Yes,4,5.6
27183,Single,Male,40000,2,Partial College,Clerical,Yes,1,1-2 Miles,Europe,35,Yes,2,2.4
27183,Single,Male,40000,2,Partial College,Clerical,Yes,1,1-2 Miles,Europe,35,Yes,2,2.4
27184,Single,Male,40000,2,Partial College,Clerical,No,1,0-1 Miles,Europe,34,No,1,0.8
27184,Single,Male,40000,2,Partial College,Clerical,No,1,0-1 Miles,Europe,34,No,1,0.8
27190,Married,Female,40000,3,Partial College,Clerical,Yes,1,1-2 Miles,North America,32,No,2,2.4
27198,Single,Female,80000,0,Graduate Degree,Skilled Manual,No,0,0-1 Miles,North America,40,No,1,0.8
27218,Married,Female,20000,2,Partial High School,Clerical,No,0,0-1 Miles,North America,48,No,1,0.8
27261,Married,Male,40000,1,Bachelors,Skilled Manual,No,1,0-1 Miles,North America,36,Yes,1,0.8
27273,Single,Male,70000,3,Graduate Degree,Professional,No,0,0-1 Miles,North America,35,Yes,1,0.8
27279,Single,Female,70000,2,Bachelors,Skilled Manual,Yes,0,2-5 Miles,North America,38,Yes,4,5.6
27304,Single,Female,110000,2,Partial College,Professional,No,3,5-10 Miles,Europe,48,No,8,12.1
27388,Married,Male,60000,3,Bachelors,Management,No,2,1-2 Miles,North America,66,No,2,2.4
27393,Married,Female,50000,4,Bachelors,Management,Yes,2,10+ Miles,North America,63,No,10,16.1
27434,Single,Male,70000,4,Partial College,Professional,Yes,1,10+ Miles,North America,56,No,10,16.1
27441,Married,Male,60000,3,High School,Professional,No,2,2-5 Miles,North America,53,No,4,5.6
27494,Single,Female,40000,2,Partial College,Skilled Manual,No,2,1-2 Miles,Pacific,53,Yes,2,2.4
27505,Single,Female,40000,0,High School,Skilled Manual,Yes,2,5-10 Miles,North America,30,No,8,12.1
27540,Single,Female,70000,0,Bachelors,Professional,No,1,0-1 Miles,North America,37,Yes,1,0.8
27582,Single,Female,90000,2,Bachelors,Professional,No,0,0-1 Miles,Pacific,36,Yes,1,0.8
27585,Married,Female,90000,2,Bachelors,Professional,No,0,0-1 Miles,Pacific,36,Yes,1,0.8
27637,Single,Female,100000,1,Partial College,Professional,No,3,1-2 Miles,North America,44,No,2,2.4
27638,Single,Male,100000,1,Partial College,Professional,No,3,1-2 Miles,North America,44,No,2,2.4
27643,Single,Male,70000,5,Partial College,Professional,Yes,3,2-5 Miles,North America,44,No,4,5.6
27650,Married,Male,70000,4,High School,Professional,Yes,0,5-10 Miles,North America,51,No,8,12.1
27660,Married,Male,80000,4,Graduate Degree,Management,Yes,2,5-10 Miles,North America,70,No,8,12.1
27673,Single,Female,60000,3,Graduate Degree,Management,Yes,2,5-10 Miles,North America,53,Yes,8,12.1
27696,Married,Male,60000,1,Bachelors,Professional,Yes,1,5-10 Miles,Pacific,43,Yes,8,12.1
27731,Married,Male,40000,0,High School,Skilled Manual,Yes,2,5-10 Miles,North America,27,No,8,12.1
27740,Married,Female,40000,0,High School,Skilled Manual,Yes,2,5-10 Miles,North America,27,No,8,12.1
27745,Single,Male,40000,2,Bachelors,Management,Yes,2,5-10 Miles,Pacific,63,Yes,8,12.1
27753,Married,Male,40000,0,High School,Skilled Manual,No,2,1-2 Miles,North America,30,No,2,2.4
27756,Single,Female,50000,3,Bachelors,Skilled Manual,No,1,0-1 Miles,North America,40,No,1,0.8
27760,Single,Female,40000,0,Graduate Degree,Clerical,No,0,0-1 Miles,Europe,37,Yes,1,0.8
27771,Single,Male,30000,1,Bachelors,Clerical,Yes,1,1-2 Miles,Europe,39,Yes,2,2.4
27775,Single,Female,40000,0,Bachelors,Clerical,No,0,0-1 Miles,Europe,38,Yes,1,0.8
27803,Single,Female,30000,2,Partial College,Clerical,No,0,0-1 Miles,Europe,43,No,1,0.8
27814,Single,Female,30000,3,Partial College,Clerical,No,1,0-1 Miles,Europe,26,No,1,0.8
27824,Single,Female,30000,3,Partial College,Clerical,Yes,2,0-1 Miles,Europe,28,Yes,1,0.8
27832,Single,Female,30000,0,Partial College,Clerical,No,1,2-5 Miles,Europe,30,No,4,5.6
27835,Married,Male,20000,0,Partial High School,Manual,Yes,2,0-1 Miles,Europe,32,No,1,0.8
27878,Single,Male,20000,0,Partial College,Manual,No,0,0-1 Miles,Pacific,28,Yes,1,0.8
27941,Married,Female,80000,4,Partial College,Professional,Yes,2,2-5 Miles,Europe,53,No,4,5.6
27951,Single,Male,80000,4,Partial College,Professional,No,2,2-5 Miles,Europe,54,Yes,4,5.6
27969,Married,Male,80000,0,Bachelors,Professional,Yes,2,10+ Miles,Pacific,29,Yes,10,16.1
27974,Single,Male,160000,2,High School,Management,Yes,4,0-1 Miles,Pacific,33,Yes,1,0.8
27994,Married,Female,40000,4,High School,Professional,Yes,2,5-10 Miles,North America,69,No,8,12.1
28004,Married,Female,60000,3,Bachelors,Management,Yes,2,10+ Miles,North America,66,No,10,16.1
28026,Married,Female,40000,2,High School,Professional,No,2,2-5 Miles,North America,59,No,4,5.6
28031,Single,Female,70000,2,Bachelors,Management,No,1,2-5 Miles,North America,59,Yes,4,5.6
28043,Married,Female,60000,2,Bachelors,Management,Yes,0,10+ Miles,North America,56,No,10,16.1
28052,Married,Male,60000,2,High School,Professional,Yes,2,10+ Miles,North America,55,No,10,16.1
28056,Married,Male,70000,2,Partial High School,Skilled Manual,Yes,2,10+ Miles,North America,53,No,10,16.1
28066,Married,Male,80000,2,Graduate Degree,Professional,Yes,0,0-1 Miles,North America,37,Yes,1,0.8
28068,Single,Female,80000,3,Graduate Degree,Professional,No,0,0-1 Miles,North America,36,Yes,1,0.8
28087,Single,Female,40000,0,Partial College,Skilled Manual,No,1,1-2 Miles,North America,27,No,2,2.4
28090,Married,Male,40000,0,Partial College,Skilled Manual,Yes,1,5-10 Miles,North America,27,No,8,12.1
28102,Married,Male,20000,4,High School,Skilled Manual,Yes,2,5-10 Miles,Pacific,58,Yes,8,12.1
28192,Married,Female,70000,5,Graduate Degree,Professional,Yes,3,10+ Miles,North America,46,No,10,16.1
28207,Married,Male,80000,4,Graduate Degree,Management,Yes,1,0-1 Miles,Pacific,36,Yes,1,0.8
28228,Single,Female,80000,2,Partial High School,Skilled Manual,No,2,1-2 Miles,North America,50,No,2,2.4
28269,Single,Female,130000,1,Bachelors,Management,No,1,2-5 Miles,North America,45,No,4,5.6
28278,Married,Male,50000,2,Graduate Degree,Management,Yes,2,5-10 Miles,North America,71,No,8,12.1
28319,Single,Female,60000,1,Partial College,Skilled Manual,No,1,0-1 Miles,Pacific,46,Yes,1,0.8
28323,Single,Male,70000,0,Bachelors,Professional,No,2,5-10 Miles,Pacific,43,Yes,8,12.1
28379,Married,Male,30000,1,Bachelors,Skilled Manual,Yes,2,0-1 Miles,Europe,40,No,1,0.8
28380,Single,Female,10000,5,Partial High School,Manual,No,2,0-1 Miles,Europe,41,No,1,0.8
28395,Single,Male,40000,0,Bachelors,Professional,No,0,0-1 Miles,Europe,39,Yes,1,0.8
28412,Single,Male,20000,0,High School,Manual,No,1,2-5 Miles,Europe,29,No,4,5.6
28436,Single,Male,30000,0,Partial College,Clerical,No,1,0-1 Miles,Europe,30,Yes,1,0.8
28468,Married,Female,10000,2,Partial College,Manual,Yes,0,1-2 Miles,Europe,51,No,2,2.4
28488,Single,Male,20000,0,Partial College,Manual,Yes,0,0-1 Miles,Pacific,28,Yes,1,0.8
28521,Single,Male,40000,0,Graduate Degree,Clerical,No,0,0-1 Miles,Europe,36,Yes,1,0.8
28564,Single,Female,40000,2,Partial College,Clerical,Yes,0,1-2 Miles,Europe,33,Yes,2,2.4
28580,Married,Female,80000,0,Graduate Degree,Skilled Manual,Yes,0,1-2 Miles,North America,40,Yes,2,2.4
28609,Married,Male,30000,2,High School,Skilled Manual,No,2,0-1 Miles,North America,49,No,1,0.8
28625,Single,Male,40000,2,Partial College,Clerical,No,1,1-2 Miles,North America,47,Yes,2,2.4
28657,Single,Male,60000,2,Bachelors,Skilled Manual,Yes,0,2-5 Miles,North America,36,Yes,4,5.6
28667,Single,Male,70000,2,Bachelors,Skilled Manual,No,1,0-1 Miles,North America,37,Yes,1,0.8
28672,Single,Male,70000,4,Graduate Degree,Professional,Yes,0,2-5 Miles,North America,35,Yes,4,5.6
28683,Single,Female,10000,1,High School,Manual,No,1,5-10 Miles,Europe,35,Yes,8,12.1
28729,Single,Female,20000,0,Partial High School,Manual,Yes,2,1-2 Miles,Europe,26,Yes,2,2.4
28758,Married,Male,40000,2,Partial College,Clerical,Yes,1,1-2 Miles,Europe,35,Yes,2,2.4
28799,Single,Female,40000,2,Partial College,Clerical,No,1,1-2 Miles,North America,47,Yes,2,2.4
28815,Married,Female,50000,1,Graduate Degree,Skilled Manual,Yes,0,0-1 Miles,North America,35,No,1,0.8
28858,Single,Male,80000,3,Bachelors,Skilled Manual,Yes,0,2-5 Miles,North America,40,No,4,5.6
28906,Married,Male,80000,4,High School,Professional,Yes,2,10+ Miles,Europe,54,No,10,16.1
28915,Single,Male,80000,5,High School,Management,Yes,3,10+ Miles,Europe,57,No,10,16.1
28918,Married,Female,130000,4,High School,Management,No,4,10+ Miles,Europe,58,No,10,16.1
28957,Single,Female,120000,0,Partial High School,Professional,Yes,4,10+ Miles,Pacific,34,Yes,10,16.1
28972,Single,Female,60000,3,Graduate Degree,Management,Yes,2,10+ Miles,North America,66,No,10,16.1
28997,Single,Male,40000,2,High School,Professional,No,1,2-5 Miles,North America,58,Yes,4,5.6
29030,Married,Male,70000,2,Partial High School,Skilled Manual,Yes,2,10+ Miles,North America,54,No,10,16.1
29037,Married,Male,60000,0,Graduate Degree,Professional,No,0,0-1 Miles,North America,39,No,1,0.8
29048,Single,Male,110000,2,Bachelors,Management,No,3,0-1 Miles,North America,37,Yes,1,0.8
29052,Single,Male,40000,0,Partial College,Skilled Manual,Yes,1,5-10 Miles,North America,27,No,8,12.1
29094,Married,Male,30000,3,High School,Skilled Manual,Yes,2,5-10 Miles,Pacific,54,Yes,8,12.1
29097,Single,Female,40000,2,Partial College,Skilled Manual,Yes,2,5-10 Miles,Pacific,52,Yes,8,12.1
29106,Single,Male,40000,0,High School,Skilled Manual,No,2,1-2 Miles,North America,31,Yes,2,2.4
29112,Single,Male,60000,0,Partial College,Professional,No,2,1-2 Miles,North America,30,No,2,2.4
29117,Single,Male,100000,1,Bachelors,Management,No,3,0-1 Miles,Pacific,48,No,1,0.8
29120,Single,Female,100000,1,Bachelors,Management,Yes,4,2-5 Miles,Pacific,48,No,4,5.6
29132,Single,Female,40000,0,Bachelors,Professional,Yes,1,2-5 Miles,North America,42,Yes,4,5.6
29133,Single,Female,60000,4,Bachelors,Skilled Manual,No,2,0-1 Miles,North America,42,No,1,0.8
29134,Married,Male,60000,4,Bachelors,Skilled Manual,No,3,10+ Miles,North America,42,No,10,16.1
29143,Single,Female,60000,1,Bachelors,Professional,No,1,0-1 Miles,North America,44,Yes,1,0.8
29181,Single,Female,60000,2,Bachelors,Professional,No,1,0-1 Miles,Pacific,38,Yes,1,0.8
29191,Single,Female,130000,1,Graduate Degree,Management,No,1,0-1 Miles,Pacific,36,Yes,1,0.8
29231,Single,Male,80000,4,Partial College,Professional,No,2,0-1 Miles,North America,43,No,1,0.8
29237,Single,Female,120000,4,Partial College,Professional,Yes,3,5-10 Miles,North America,43,Yes,8,12.1
29243,Single,Male,110000,1,Bachelors,Management,Yes,1,5-10 Miles,North America,43,No,8,12.1
29255,Single,Male,80000,3,Partial College,Professional,No,1,1-2 Miles,North America,51,Yes,2,2.4
29298,Single,Female,60000,1,Partial College,Skilled Manual,Yes,1,5-10 Miles,Pacific,46,Yes,8,12.1
29301,Married,Male,80000,5,Bachelors,Professional,Yes,4,1-2 Miles,Pacific,40,No,2,2.4
29337,Single,Male,30000,2,Partial College,Clerical,Yes,2,5-10 Miles,Pacific,68,No,8,12.1
29355,Married,Female,40000,0,Graduate Degree,Clerical,Yes,0,0-1 Miles,Europe,37,Yes,1,0.8
29380,Married,Female,20000,3,High School,Manual,Yes,0,0-1 Miles,Europe,41,Yes,1,0.8
29424,Married,Male,10000,0,Partial High School,Manual,Yes,2,0-1 Miles,Europe,32,No,1,0.8
29447,Single,Female,10000,2,Bachelors,Clerical,No,1,2-5 Miles,Europe,68,No,4,5.6
